,date,count,time_stamp,type
0,2008-11-06,6.0,1225900800.0,985
1,2008-11-07,9.0,1225987200.0,985
2,2008-11-10,2.0,1226246400.0,985
3,2008-11-11,4.0,1226332800.0,985
4,2008-11-12,2.0,1226419200.0,985
5,2008-11-13,2.0,1226505600.0,985
6,2008-11-14,1.0,1226592000.0,985
7,2008-11-15,1.0,1226678400.0,985
8,2008-11-17,1.0,1226851200.0,985
9,2008-11-20,1.0,1227110400.0,985
10,2008-11-24,3.0,1227456000.0,985
11,2008-11-25,2.0,1227542400.0,985
12,2008-11-27,1.0,1227715200.0,985
13,2008-12-02,2.0,1228147200.0,985
14,2008-12-03,2.0,1228233600.0,985
15,2008-12-05,1.0,1228406400.0,985
16,2008-12-09,2.0,1228752000.0,985
17,2008-12-15,2.0,1229270400.0,985
18,2008-12-16,1.0,1229356800.0,985
19,2008-12-17,2.0,1229443200.0,985
20,2008-12-30,1.0,1230566400.0,985
21,2009-01-04,1.0,1230998400.0,985
22,2009-03-03,1.0,1236009600.0,985
23,2009-03-05,3.0,1236182400.0,985
24,2009-03-11,1.0,1236700800.0,985
25,2009-03-12,4.0,1236787200.0,985
26,2009-03-19,4.0,1237392000.0,985
27,2009-03-22,1.0,1237651200.0,985
28,2009-03-24,1.0,1237824000.0,985
29,2009-03-26,1.0,1237996800.0,985
30,2009-03-27,1.0,1238083200.0,985
31,2009-03-28,1.0,1238169600.0,985
32,2009-03-31,1.0,1238428800.0,985
33,2009-04-03,1.0,1238688000.0,985
34,2009-04-07,1.0,1239033600.0,985
35,2009-04-09,1.0,1239206400.0,985
36,2009-04-14,1.0,1239638400.0,985
37,2009-04-16,1.0,1239811200.0,985
38,2009-04-17,2.0,1239897600.0,985
39,2009-04-20,1.0,1240156800.0,985
40,2009-04-22,1.0,1240329600.0,985
41,2009-04-24,1.0,1240502400.0,985
42,2009-04-30,1.0,1241020800.0,985
43,2009-05-06,1.0,1241539200.0,985
44,2009-05-07,1.0,1241625600.0,985
45,2009-05-12,3.0,1242057600.0,985
46,2009-05-14,1.0,1242230400.0,985
47,2009-05-15,3.0,1242316800.0,985
48,2009-05-18,1.0,1242576000.0,985
49,2009-05-19,1.0,1242662400.0,985
50,2009-05-21,1.0,1242835200.0,985
51,2009-05-22,1.0,1242921600.0,985
52,2009-06-01,1.0,1243785600.0,985
53,2009-07-10,1.0,1247155200.0,985
54,2009-09-28,3.0,1254067200.0,985
55,2009-09-29,1.0,1254153600.0,985
56,2009-10-14,3.0,1255449600.0,985
57,2009-10-15,1.0,1255536000.0,985
58,2009-10-16,2.0,1255622400.0,985
59,2009-10-19,1.0,1255881600.0,985
60,2009-10-22,3.0,1256140800.0,985
61,2009-10-23,1.0,1256227200.0,985
62,2009-10-26,3.0,1256486400.0,985
63,2009-10-27,1.0,1256572800.0,985
64,2009-10-29,1.0,1256745600.0,985
65,2009-10-30,2.0,1256832000.0,985
66,2009-11-02,2.0,1257091200.0,985
67,2009-11-03,2.0,1257177600.0,985
68,2009-11-04,4.0,1257264000.0,985
69,2009-11-05,2.0,1257350400.0,985
70,2009-11-11,5.0,1257868800.0,985
71,2009-11-13,4.0,1258041600.0,985
72,2009-11-14,9.0,1258128000.0,985
73,2009-11-16,2.0,1258300800.0,985
74,2009-11-17,2.0,1258387200.0,985
75,2009-11-18,1.0,1258473600.0,985
76,2009-11-19,5.0,1258560000.0,985
77,2009-11-20,2.0,1258646400.0,985
78,2009-11-24,5.0,1258992000.0,985
79,2009-11-25,1.0,1259078400.0,985
80,2009-11-26,1.0,1259164800.0,985
81,2009-11-30,4.0,1259510400.0,985
82,2009-12-02,2.0,1259683200.0,985
83,2009-12-04,1.0,1259856000.0,985
84,2009-12-07,4.0,1260115200.0,985
85,2009-12-08,2.0,1260201600.0,985
86,2009-12-10,3.0,1260374400.0,985
87,2009-12-11,1.0,1260460800.0,985
88,2009-12-12,1.0,1260547200.0,985
89,2009-12-14,2.0,1260720000.0,985
90,2009-12-16,1.0,1260892800.0,985
91,2009-12-18,1.0,1261065600.0,985
92,2009-12-28,1.0,1261929600.0,985
93,2010-03-03,2.0,1267545600.0,985
94,2010-03-04,2.0,1267632000.0,985
95,2010-03-05,1.0,1267718400.0,985
96,2010-03-09,1.0,1268064000.0,985
97,2010-03-10,1.0,1268150400.0,985
98,2010-03-11,1.0,1268236800.0,985
99,2010-03-12,4.0,1268323200.0,985
100,2010-03-15,1.0,1268582400.0,985
101,2010-03-16,2.0,1268668800.0,985
102,2010-03-17,2.0,1268755200.0,985
103,2010-03-23,7.0,1269273600.0,985
104,2010-03-26,1.0,1269532800.0,985
105,2010-03-30,1.0,1269878400.0,985
106,2010-04-08,2.0,1270656000.0,985
107,2010-04-09,1.0,1270742400.0,985
108,2010-04-13,1.0,1271088000.0,985
109,2010-04-20,2.0,1271692800.0,985
110,2010-05-05,1.0,1272988800.0,985
111,2010-05-06,1.0,1273075200.0,985
112,2010-05-12,1.0,1273593600.0,985
113,2010-05-28,2.0,1274976000.0,985
114,2010-06-03,1.0,1275494400.0,985
115,2010-07-18,1.0,1279382400.0,985
116,2010-09-14,3.0,1284393600.0,985
117,2010-09-16,1.0,1284566400.0,985
118,2010-09-17,2.0,1284652800.0,985
119,2010-09-19,1.0,1284825600.0,985
120,2010-09-25,1.0,1285344000.0,985
121,2010-09-26,1.0,1285430400.0,985
122,2010-09-27,7.0,1285516800.0,985
123,2010-09-28,4.0,1285603200.0,985
124,2010-09-29,2.0,1285689600.0,985
125,2010-10-08,3.0,1286467200.0,985
126,2010-10-09,4.0,1286553600.0,985
127,2010-10-11,3.0,1286726400.0,985
128,2010-10-12,1.0,1286812800.0,985
129,2010-10-13,3.0,1286899200.0,985
130,2010-10-14,2.5,1286985600.0,985
131,2010-10-15,2.0,1287072000.0,985
132,2010-10-18,4.0,1287331200.0,985
133,2010-10-19,5.0,1287417600.0,985
134,2010-10-20,1.0,1287504000.0,985
135,2010-10-21,10.0,1287590400.0,985
136,2010-10-22,7.0,1287676800.0,985
137,2010-10-25,3.0,1287936000.0,985
138,2010-10-26,1.0,1288022400.0,985
139,2010-10-27,3.0,1288108800.0,985
140,2010-10-29,2.0,1288281600.0,985
141,2010-11-01,2.0,1288540800.0,985
142,2010-11-02,2.0,1288627200.0,985
143,2010-11-03,4.0,1288713600.0,985
144,2010-11-04,3.0,1288800000.0,985
145,2010-11-05,1.0,1288886400.0,985
146,2010-11-08,2.0,1289145600.0,985
147,2010-11-09,4.0,1289232000.0,985
148,2010-11-10,2.0,1289318400.0,985
149,2010-11-11,10.0,1289404800.0,985
150,2010-11-12,10.0,1289491200.0,985
151,2010-11-15,3.0,1289750400.0,985
152,2010-11-16,1.0,1289836800.0,985
153,2010-11-17,2.0,1289923200.0,985
154,2010-11-18,4.0,1290009600.0,985
155,2010-11-19,1.0,1290096000.0,985
156,2010-11-22,1.0,1290355200.0,985
157,2010-11-23,2.0,1290441600.0,985
158,2010-11-24,2.0,1290528000.0,985
159,2010-11-25,2.0,1290614400.0,985
160,2010-11-26,1.0,1290700800.0,985
161,2010-11-29,1.0,1290960000.0,985
162,2010-11-30,1.0,1291046400.0,985
163,2010-12-01,2.0,1291132800.0,985
164,2010-12-02,1.0,1291219200.0,985
165,2010-12-03,1.0,1291305600.0,985
166,2010-12-06,1.0,1291564800.0,985
167,2010-12-07,1.0,1291651200.0,985
168,2010-12-09,2.0,1291824000.0,985
169,2010-12-15,2.0,1292342400.0,985
170,2010-12-16,1.0,1292428800.0,985
171,2010-12-17,1.0,1292515200.0,985
172,2010-12-20,1.0,1292774400.0,985
173,2010-12-27,1.0,1293379200.0,985
174,2011-01-02,1.0,1293897600.0,985
175,2011-01-04,5.0,1294070400.0,985
176,2011-01-05,2.0,1294156800.0,985
177,2011-01-07,3.0,1294329600.0,985
178,2011-01-09,1.0,1294502400.0,985
179,2011-01-12,1.0,1294761600.0,985
180,2011-02-19,7.0,1298044800.0,985
181,2011-02-21,4.0,1298217600.0,985
182,2011-02-22,3.0,1298304000.0,985
183,2011-02-23,4.0,1298390400.0,985
184,2011-02-24,3.0,1298476800.0,985
185,2011-02-25,3.0,1298563200.0,985
186,2011-02-28,3.5,1298822400.0,985
187,2011-03-01,5.0,1298908800.0,985
188,2011-03-02,3.5,1298995200.0,985
189,2011-03-03,2.0,1299081600.0,985
190,2011-03-04,3.5,1299168000.0,985
191,2011-03-05,1.0,1299254400.0,985
192,2011-03-07,2.0,1299427200.0,985
193,2011-03-08,4.0,1299513600.0,985
194,2011-03-09,1.5,1299600000.0,985
195,2011-03-10,2.5,1299686400.0,985
196,2011-03-11,4.5,1299772800.0,985
197,2011-03-12,1.0,1299859200.0,985
198,2011-03-14,3.0,1300032000.0,985
199,2011-03-15,2.5,1300118400.0,985
200,2011-03-16,5.5,1300204800.0,985
201,2011-03-17,5.0,1300291200.0,985
202,2011-03-18,2.5,1300377600.0,985
203,2011-03-21,4.0,1300636800.0,985
204,2011-03-22,9.0,1300723200.0,985
205,2011-03-23,3.0,1300809600.0,985
206,2011-03-24,5.0,1300896000.0,985
207,2011-03-25,3.0,1300982400.0,985
208,2011-03-28,1.5,1301241600.0,985
209,2011-03-29,3.0,1301328000.0,985
210,2011-03-30,3.0,1301414400.0,985
211,2011-03-31,10.0,1301500800.0,985
212,2011-04-01,2.0,1301587200.0,985
213,2011-04-02,5.0,1301673600.0,985
214,2011-04-06,2.0,1302019200.0,985
215,2011-04-07,1.0,1302105600.0,985
216,2011-04-08,1.5,1302192000.0,985
217,2011-04-11,4.0,1302451200.0,985
218,2011-04-13,1.5,1302624000.0,985
219,2011-04-14,1.0,1302710400.0,985
220,2011-04-15,1.0,1302796800.0,985
221,2011-04-18,4.0,1303056000.0,985
222,2011-04-19,3.0,1303142400.0,985
223,2011-04-20,2.0,1303228800.0,985
224,2011-04-21,2.0,1303315200.0,985
225,2011-04-22,2.0,1303401600.0,985
226,2011-04-25,1.0,1303660800.0,985
227,2011-04-26,1.0,1303747200.0,985
228,2011-04-27,1.5,1303833600.0,985
229,2011-04-29,3.0,1304006400.0,985
230,2011-05-03,5.0,1304352000.0,985
231,2011-05-06,2.0,1304611200.0,985
232,2011-05-09,1.0,1304870400.0,985
233,2011-05-10,1.0,1304956800.0,985
234,2011-05-11,1.0,1305043200.0,985
235,2011-05-14,1.0,1305302400.0,985
236,2011-05-16,1.0,1305475200.0,985
237,2011-05-18,1.0,1305648000.0,985
238,2011-05-19,1.0,1305734400.0,985
239,2011-05-20,1.0,1305820800.0,985
240,2011-05-23,4.0,1306080000.0,985
241,2011-05-24,1.5,1306166400.0,985
242,2011-05-25,2.0,1306252800.0,985
243,2011-05-26,5.0,1306339200.0,985
244,2011-05-30,1.0,1306684800.0,985
245,2011-05-31,2.0,1306771200.0,985
246,2011-06-01,1.0,1306857600.0,985
247,2011-06-02,3.0,1306944000.0,985
248,2011-06-03,3.0,1307030400.0,985
249,2011-06-07,1.0,1307376000.0,985
250,2011-06-09,1.0,1307548800.0,985
251,2011-06-10,2.0,1307635200.0,985
252,2011-06-14,3.0,1307980800.0,985
253,2011-06-15,3.0,1308067200.0,985
254,2011-06-16,1.0,1308153600.0,985
255,2011-06-18,1.0,1308326400.0,985
256,2011-06-25,5.0,1308931200.0,985
257,2011-07-03,1.0,1309622400.0,985
258,2011-08-29,1.0,1314547200.0,985
259,2011-08-30,2.0,1314633600.0,985
260,2011-09-09,2.0,1315497600.0,985
261,2011-09-11,1.0,1315670400.0,985
262,2011-09-13,1.0,1315843200.0,985
263,2011-09-15,2.0,1316016000.0,985
264,2011-09-16,1.0,1316102400.0,985
265,2011-09-19,2.0,1316361600.0,985
266,2011-09-20,1.0,1316448000.0,985
267,2011-09-21,2.0,1316534400.0,985
268,2011-09-22,2.0,1316620800.0,985
269,2011-09-23,2.0,1316707200.0,985
270,2011-09-25,1.0,1316880000.0,985
271,2011-09-26,3.5,1316966400.0,985
272,2011-09-27,2.0,1317052800.0,985
273,2011-09-28,2.0,1317139200.0,985
274,2011-09-29,5.0,1317225600.0,985
275,2011-09-30,4.0,1317312000.0,985
276,2011-10-07,1.0,1317916800.0,985
277,2011-10-08,4.0,1318003200.0,985
278,2011-10-09,3.5,1318089600.0,985
279,2011-10-10,3.0,1318176000.0,985
280,2011-10-11,6.0,1318262400.0,985
281,2011-10-12,2.0,1318348800.0,985
282,2011-10-13,5.5,1318435200.0,985
283,2011-10-14,4.0,1318521600.0,985
284,2011-10-16,2.0,1318694400.0,985
285,2011-10-17,5.5,1318780800.0,985
286,2011-10-18,11.0,1318867200.0,985
287,2011-10-19,4.0,1318953600.0,985
288,2011-10-20,14.0,1319040000.0,985
289,2011-10-21,6.5,1319126400.0,985
290,2011-10-22,1.0,1319212800.0,985
291,2011-10-23,3.0,1319299200.0,985
292,2011-10-24,4.5,1319385600.0,985
293,2011-10-25,4.5,1319472000.0,985
294,2011-10-26,6.0,1319558400.0,985
295,2011-10-27,5.5,1319644800.0,985
296,2011-10-28,4.0,1319731200.0,985
297,2011-10-29,2.0,1319817600.0,985
298,2011-10-30,1.0,1319904000.0,985
299,2011-10-31,5.0,1319990400.0,985
300,2011-11-01,10.0,1320076800.0,985
301,2011-11-02,8.0,1320163200.0,985
302,2011-11-03,3.0,1320249600.0,985
303,2011-11-04,3.0,1320336000.0,985
304,2011-11-05,3.0,1320422400.0,985
305,2011-11-06,2.0,1320508800.0,985
306,2011-11-07,8.5,1320595200.0,985
307,2011-11-08,16.5,1320681600.0,985
308,2011-11-09,20.0,1320768000.0,985
309,2011-11-10,19.0,1320854400.0,985
310,2011-11-11,11.0,1320940800.0,985
311,2011-11-12,29.0,1321027200.0,985
312,2011-11-13,8.0,1321113600.0,985
313,2011-11-14,13.5,1321200000.0,985
314,2011-11-15,19.0,1321286400.0,985
315,2011-11-16,20.0,1321372800.0,985
316,2011-11-17,15.0,1321459200.0,985
317,2011-11-18,14.0,1321545600.0,985
318,2011-11-19,19.0,1321632000.0,985
319,2011-11-20,8.0,1321718400.0,985
320,2011-11-21,14.5,1321804800.0,985
321,2011-11-22,33.0,1321891200.0,985
322,2011-11-23,33.0,1321977600.0,985
323,2011-11-24,13.5,1322064000.0,985
324,2011-11-25,20.0,1322150400.0,985
325,2011-11-26,10.0,1322236800.0,985
326,2011-11-27,4.0,1322323200.0,985
327,2011-11-28,14.5,1322409600.0,985
328,2011-11-29,20.0,1322496000.0,985
329,2011-11-30,16.0,1322582400.0,985
330,2011-12-01,9.0,1322668800.0,985
331,2011-12-02,8.5,1322755200.0,985
332,2011-12-03,8.0,1322841600.0,985
333,2011-12-04,8.0,1322928000.0,985
334,2011-12-05,7.0,1323014400.0,985
335,2011-12-06,5.5,1323100800.0,985
336,2011-12-07,6.5,1323187200.0,985
337,2011-12-08,3.0,1323273600.0,985
338,2011-12-09,6.0,1323360000.0,985
339,2011-12-10,5.0,1323446400.0,985
340,2011-12-11,5.0,1323532800.0,985
341,2011-12-12,5.5,1323619200.0,985
342,2011-12-13,13.0,1323705600.0,985
343,2011-12-14,3.0,1323792000.0,985
344,2011-12-15,8.0,1323878400.0,985
345,2011-12-16,3.0,1323964800.0,985
346,2011-12-17,3.0,1324051200.0,985
347,2011-12-19,2.5,1324224000.0,985
348,2011-12-20,2.0,1324310400.0,985
349,2011-12-21,3.0,1324396800.0,985
350,2011-12-22,3.0,1324483200.0,985
351,2011-12-23,2.0,1324569600.0,985
352,2011-12-24,1.0,1324656000.0,985
353,2011-12-26,2.0,1324828800.0,985
354,2011-12-27,1.0,1324915200.0,985
355,2011-12-28,2.0,1325001600.0,985
356,2011-12-29,1.0,1325088000.0,985
357,2011-12-31,2.0,1325260800.0,985
358,2012-01-04,2.0,1325606400.0,985
359,2012-01-06,1.0,1325779200.0,985
360,2012-02-10,1.0,1328803200.0,985
361,2012-02-12,5.0,1328976000.0,985
362,2012-02-14,1.0,1329148800.0,985
363,2012-02-15,5.0,1329235200.0,985
364,2012-02-17,6.0,1329408000.0,985
365,2012-02-20,2.0,1329667200.0,985
366,2012-02-21,3.0,1329753600.0,985
367,2012-02-23,1.0,1329926400.0,985
368,2012-02-26,10.0,1330185600.0,985
369,2012-02-27,10.0,1330272000.0,985
370,2012-02-28,2.5,1330358400.0,985
371,2012-02-29,5.0,1330444800.0,985
372,2012-03-01,9.0,1330531200.0,985
373,2012-03-02,9.0,1330617600.0,985
374,2012-03-04,2.0,1330790400.0,985
375,2012-03-05,9.0,1330876800.0,985
376,2012-03-06,6.0,1330963200.0,985
377,2012-03-07,7.5,1331049600.0,985
378,2012-03-08,5.5,1331136000.0,985
379,2012-03-09,3.5,1331222400.0,985
380,2012-03-10,1.0,1331308800.0,985
381,2012-03-11,1.0,1331395200.0,985
382,2012-03-12,5.0,1331481600.0,985
383,2012-03-13,3.0,1331568000.0,985
384,2012-03-14,4.0,1331654400.0,985
385,2012-03-15,5.0,1331740800.0,985
386,2012-03-16,3.5,1331827200.0,985
387,2012-03-17,2.0,1331913600.0,985
388,2012-03-18,4.0,1332000000.0,985
389,2012-03-19,9.0,1332086400.0,985
390,2012-03-20,4.0,1332172800.0,985
391,2012-03-21,6.0,1332259200.0,985
392,2012-03-22,11.0,1332345600.0,985
393,2012-03-23,9.0,1332432000.0,985
394,2012-03-24,2.0,1332518400.0,985
395,2012-03-25,3.0,1332604800.0,985
396,2012-03-26,8.0,1332691200.0,985
397,2012-03-27,3.0,1332777600.0,985
398,2012-03-28,9.0,1332864000.0,985
399,2012-03-29,2.5,1332950400.0,985
400,2012-03-30,3.5,1333036800.0,985
401,2012-03-31,11.0,1333123200.0,985
402,2012-04-01,3.5,1333209600.0,985
403,2012-04-03,1.0,1333382400.0,985
404,2012-04-05,4.0,1333555200.0,985
405,2012-04-06,1.0,1333641600.0,985
406,2012-04-08,3.0,1333814400.0,985
407,2012-04-09,2.0,1333900800.0,985
408,2012-04-10,2.0,1333987200.0,985
409,2012-04-11,2.0,1334073600.0,985
410,2012-04-12,1.5,1334160000.0,985
411,2012-04-13,1.0,1334246400.0,985
412,2012-04-14,1.0,1334332800.0,985
413,2012-04-15,1.0,1334419200.0,985
414,2012-04-16,2.0,1334505600.0,985
415,2012-04-17,5.0,1334592000.0,985
416,2012-04-19,2.0,1334764800.0,985
417,2012-04-20,1.0,1334851200.0,985
418,2012-04-23,1.0,1335110400.0,985
419,2012-04-24,1.0,1335196800.0,985
420,2012-04-27,1.0,1335456000.0,985
421,2012-05-02,1.0,1335888000.0,985
422,2012-05-07,1.0,1336320000.0,985
423,2012-05-16,2.0,1337097600.0,985
424,2012-05-17,1.0,1337184000.0,985
425,2012-05-18,1.0,1337270400.0,985
426,2012-05-21,3.0,1337529600.0,985
427,2012-05-22,5.0,1337616000.0,985
428,2012-05-23,2.0,1337702400.0,985
429,2012-05-24,2.0,1337788800.0,985
430,2012-05-25,2.0,1337875200.0,985
431,2012-05-28,2.0,1338134400.0,985
432,2012-05-29,3.0,1338220800.0,985
433,2012-05-30,2.0,1338307200.0,985
434,2012-05-31,3.0,1338393600.0,985
435,2012-06-01,2.0,1338480000.0,985
436,2012-06-04,4.0,1338739200.0,985
437,2012-06-05,1.0,1338825600.0,985
438,2012-06-06,1.0,1338912000.0,985
439,2012-06-07,1.0,1338998400.0,985
440,2012-06-08,2.0,1339084800.0,985
441,2012-06-09,1.0,1339171200.0,985
442,2012-06-11,1.0,1339344000.0,985
443,2012-06-12,2.0,1339430400.0,985
444,2012-06-14,2.0,1339603200.0,985
445,2012-06-15,1.0,1339689600.0,985
446,2012-06-18,1.0,1339948800.0,985
447,2012-06-20,1.0,1340121600.0,985
448,2012-06-27,1.0,1340726400.0,985
449,2012-06-29,2.0,1340899200.0,985
450,2012-07-01,1.0,1341072000.0,985
451,2012-07-14,1.0,1342195200.0,985
452,2012-08-29,1.0,1346169600.0,985
453,2012-09-04,1.0,1346688000.0,985
454,2012-09-05,1.0,1346774400.0,985
455,2012-09-10,5.0,1347206400.0,985
456,2012-09-11,5.0,1347292800.0,985
457,2012-09-12,2.0,1347379200.0,985
458,2012-09-13,3.0,1347465600.0,985
459,2012-09-14,2.0,1347552000.0,985
460,2012-09-16,3.0,1347724800.0,985
461,2012-09-17,3.0,1347811200.0,985
462,2012-09-18,4.5,1347897600.0,985
463,2012-09-19,1.0,1347984000.0,985
464,2012-09-20,5.0,1348070400.0,985
465,2012-09-21,3.0,1348156800.0,985
466,2012-09-22,3.0,1348243200.0,985
467,2012-09-23,5.0,1348329600.0,985
468,2012-09-24,7.5,1348416000.0,985
469,2012-09-25,3.5,1348502400.0,985
470,2012-09-26,6.0,1348588800.0,985
471,2012-09-27,5.0,1348675200.0,985
472,2012-09-28,6.0,1348761600.0,985
473,2012-09-29,10.0,1348848000.0,985
474,2012-10-02,1.0,1349107200.0,985
475,2012-10-08,4.0,1349625600.0,985
476,2012-10-09,5.5,1349712000.0,985
477,2012-10-10,12.0,1349798400.0,985
478,2012-10-11,11.5,1349884800.0,985
479,2012-10-12,9.0,1349971200.0,985
480,2012-10-13,12.0,1350057600.0,985
481,2012-10-14,7.0,1350144000.0,985
482,2012-10-15,11.5,1350230400.0,985
483,2012-10-16,15.0,1350316800.0,985
484,2012-10-17,14.5,1350403200.0,985
485,2012-10-18,11.0,1350489600.0,985
486,2012-10-19,11.0,1350576000.0,985
487,2012-10-20,8.0,1350662400.0,985
488,2012-10-21,5.0,1350748800.0,985
489,2012-10-22,13.5,1350835200.0,985
490,2012-10-23,10.0,1350921600.0,985
491,2012-10-24,20.0,1351008000.0,985
492,2012-10-25,12.0,1351094400.0,985
493,2012-10-26,8.0,1351180800.0,985
494,2012-10-27,6.0,1351267200.0,985
495,2012-10-28,5.5,1351353600.0,985
496,2012-10-29,10.0,1351440000.0,985
497,2012-10-30,18.0,1351526400.0,985
498,2012-10-31,10.0,1351612800.0,985
499,2012-11-01,17.0,1351699200.0,985
500,2012-11-02,9.0,1351785600.0,985
501,2012-11-03,6.0,1351872000.0,985
502,2012-11-04,4.0,1351958400.0,985
503,2012-11-05,18.0,1352044800.0,985
504,2012-11-06,11.0,1352131200.0,985
505,2012-11-07,11.0,1352217600.0,985
506,2012-11-08,13.5,1352304000.0,985
507,2012-11-09,11.0,1352390400.0,985
508,2012-11-10,6.0,1352476800.0,985
509,2012-11-11,4.0,1352563200.0,985
510,2012-11-12,10.5,1352649600.0,985
511,2012-11-13,9.0,1352736000.0,985
512,2012-11-14,12.0,1352822400.0,985
513,2012-11-15,9.0,1352908800.0,985
514,2012-11-16,16.0,1352995200.0,985
515,2012-11-17,6.0,1353081600.0,985
516,2012-11-18,2.5,1353168000.0,985
517,2012-11-19,4.5,1353254400.0,985
518,2012-11-20,7.0,1353340800.0,985
519,2012-11-21,11.0,1353427200.0,985
520,2012-11-22,6.5,1353513600.0,985
521,2012-11-23,14.0,1353600000.0,985
522,2012-11-24,4.0,1353686400.0,985
523,2012-11-25,2.0,1353772800.0,985
524,2012-11-26,6.5,1353859200.0,985
525,2012-11-27,6.5,1353945600.0,985
526,2012-11-28,8.5,1354032000.0,985
527,2012-11-29,16.0,1354118400.0,985
528,2012-11-30,13.0,1354204800.0,985
529,2012-12-01,8.0,1354291200.0,985
530,2012-12-02,167.0,1354377600.0,985
531,2012-12-03,3.5,1354464000.0,985
532,2012-12-04,7.5,1354550400.0,985
533,2012-12-05,7.0,1354636800.0,985
534,2012-12-06,4.5,1354723200.0,985
535,2012-12-07,3.5,1354809600.0,985
536,2012-12-08,4.0,1354896000.0,985
537,2012-12-09,2.0,1354982400.0,985
538,2012-12-10,2.5,1355068800.0,985
539,2012-12-11,7.0,1355155200.0,985
540,2012-12-12,5.0,1355241600.0,985
541,2012-12-13,5.0,1355328000.0,985
542,2012-12-14,3.0,1355414400.0,985
543,2012-12-15,3.0,1355500800.0,985
544,2012-12-16,3.0,1355587200.0,985
545,2012-12-17,4.0,1355673600.0,985
546,2012-12-18,5.0,1355760000.0,985
547,2012-12-19,8.0,1355846400.0,985
548,2012-12-20,5.0,1355932800.0,985
549,2012-12-21,5.0,1356019200.0,985
550,2012-12-22,2.0,1356105600.0,985
551,2012-12-23,6.0,1356192000.0,985
552,2012-12-24,1.0,1356278400.0,985
553,2012-12-25,4.0,1356364800.0,985
554,2012-12-26,2.0,1356451200.0,985
555,2012-12-27,5.0,1356537600.0,985
556,2012-12-28,1.5,1356624000.0,985
557,2012-12-29,1.0,1356710400.0,985
558,2012-12-31,1.0,1356883200.0,985
559,2013-01-04,1.0,1357228800.0,985
560,2013-01-06,2.0,1357401600.0,985
561,2013-01-07,1.0,1357488000.0,985
562,2013-01-08,3.0,1357574400.0,985
563,2013-01-09,3.0,1357660800.0,985
564,2013-01-10,4.0,1357747200.0,985
565,2013-01-11,1.0,1357833600.0,985
566,2013-01-14,3.0,1358092800.0,985
567,2013-01-18,1.0,1358438400.0,985
568,2013-01-19,3.0,1358524800.0,985
569,2013-01-21,4.0,1358697600.0,985
570,2013-01-27,3.0,1359216000.0,985
571,2013-01-28,1.0,1359302400.0,985
572,2013-01-30,1.0,1359475200.0,985
573,2013-02-03,1.0,1359820800.0,985
574,2013-02-12,1.0,1360598400.0,985
575,2013-02-17,1.0,1361030400.0,985
576,2013-02-20,1.0,1361289600.0,985
577,2013-02-21,5.0,1361376000.0,985
578,2013-02-22,1.0,1361462400.0,985
579,2013-02-23,1.0,1361548800.0,985
580,2013-02-25,5.0,1361721600.0,985
581,2013-02-26,6.0,1361808000.0,985
582,2013-02-27,5.0,1361894400.0,985
583,2013-02-28,1.0,1361980800.0,985
584,2013-03-01,5.0,1362067200.0,985
585,2013-03-03,1.0,1362240000.0,985
586,2013-03-04,4.5,1362326400.0,985
587,2013-03-05,7.0,1362412800.0,985
588,2013-03-06,3.0,1362499200.0,985
589,2013-03-07,5.0,1362585600.0,985
590,2013-03-08,6.0,1362672000.0,985
591,2013-03-09,6.0,1362758400.0,985
592,2013-03-10,3.0,1362844800.0,985
593,2013-03-11,8.0,1362931200.0,985
594,2013-03-12,6.0,1363017600.0,985
595,2013-03-13,10.0,1363104000.0,985
596,2013-03-14,11.0,1363190400.0,985
597,2013-03-15,6.5,1363276800.0,985
598,2013-03-16,4.0,1363363200.0,985
599,2013-03-17,2.0,1363449600.0,985
600,2013-03-18,4.0,1363536000.0,985
601,2013-03-19,7.5,1363622400.0,985
602,2013-03-20,9.0,1363708800.0,985
603,2013-03-21,16.0,1363795200.0,985
604,2013-03-22,5.0,1363881600.0,985
605,2013-03-23,2.0,1363968000.0,985
606,2013-03-24,1.5,1364054400.0,985
607,2013-03-25,2.5,1364140800.0,985
608,2013-03-26,4.0,1364227200.0,985
609,2013-03-27,5.0,1364313600.0,985
610,2013-03-28,7.0,1364400000.0,985
611,2013-03-29,5.0,1364486400.0,985
612,2013-03-30,11.0,1364572800.0,985
613,2013-03-31,2.0,1364659200.0,985
614,2013-04-01,3.0,1364745600.0,985
615,2013-04-02,4.0,1364832000.0,985
616,2013-04-03,4.0,1364918400.0,985
617,2013-04-08,5.0,1365350400.0,985
618,2013-04-09,8.0,1365436800.0,985
619,2013-04-10,6.0,1365523200.0,985
620,2013-04-11,2.0,1365609600.0,985
621,2013-04-12,4.0,1365696000.0,985
622,2013-04-13,18.0,1365782400.0,985
623,2013-04-14,1.0,1365868800.0,985
624,2013-04-15,5.0,1365955200.0,985
625,2013-04-16,3.5,1366041600.0,985
626,2013-04-17,4.0,1366128000.0,985
627,2013-04-18,6.0,1366214400.0,985
628,2013-04-19,1.0,1366300800.0,985
629,2013-04-21,1.0,1366473600.0,985
630,2013-04-22,3.5,1366560000.0,985
631,2013-04-23,20.0,1366646400.0,985
632,2013-04-24,3.0,1366732800.0,985
633,2013-04-26,37.0,1366905600.0,985
634,2013-04-27,4.0,1366992000.0,985
635,2013-04-28,5.0,1367078400.0,985
636,2013-05-02,1.0,1367424000.0,985
637,2013-05-03,2.0,1367510400.0,985
638,2013-05-04,2.0,1367596800.0,985
639,2013-05-07,3.0,1367856000.0,985
640,2013-05-08,1.0,1367942400.0,985
641,2013-05-09,3.0,1368028800.0,985
642,2013-05-10,1.5,1368115200.0,985
643,2013-05-13,8.0,1368374400.0,985
644,2013-05-14,2.5,1368460800.0,985
645,2013-05-16,5.0,1368633600.0,985
646,2013-05-17,4.0,1368720000.0,985
647,2013-05-18,1.0,1368806400.0,985
648,2013-05-19,2.0,1368892800.0,985
649,2013-05-20,2.0,1368979200.0,985
650,2013-05-21,6.0,1369065600.0,985
651,2013-05-22,1.5,1369152000.0,985
652,2013-05-23,4.0,1369238400.0,985
653,2013-05-24,1.5,1369324800.0,985
654,2013-05-27,2.0,1369584000.0,985
655,2013-05-28,2.0,1369670400.0,985
656,2013-05-29,2.0,1369756800.0,985
657,2013-05-30,1.5,1369843200.0,985
658,2013-05-31,5.0,1369929600.0,985
659,2013-06-02,1.0,1370102400.0,985
660,2013-06-03,1.0,1370188800.0,985
661,2013-06-04,3.0,1370275200.0,985
662,2013-06-05,1.0,1370361600.0,985
663,2013-06-06,1.0,1370448000.0,985
664,2013-06-07,8.0,1370534400.0,985
665,2013-06-08,1.0,1370620800.0,985
666,2013-06-12,1.0,1370966400.0,985
667,2013-06-13,2.0,1371052800.0,985
668,2013-06-14,3.0,1371139200.0,985
669,2013-06-15,1.0,1371225600.0,985
670,2013-06-18,2.0,1371484800.0,985
671,2013-06-20,1.0,1371657600.0,985
672,2013-06-27,1.0,1372262400.0,985
673,2013-06-28,1.0,1372348800.0,985
674,2013-07-01,1.0,1372608000.0,985
675,2013-07-02,1.0,1372694400.0,985
676,2013-07-03,1.0,1372780800.0,985
677,2013-07-04,1.0,1372867200.0,985
678,2013-07-20,1.0,1374249600.0,985
679,2013-08-19,1.0,1376841600.0,985
680,2013-08-20,1.0,1376928000.0,985
681,2013-08-23,1.0,1377187200.0,985
682,2013-08-28,1.0,1377619200.0,985
683,2013-08-30,1.0,1377792000.0,985
684,2013-09-01,1.0,1377964800.0,985
685,2013-09-04,1.0,1378224000.0,985
686,2013-09-05,2.0,1378310400.0,985
687,2013-09-08,3.0,1378569600.0,985
688,2013-09-09,1.0,1378656000.0,985
689,2013-09-10,4.0,1378742400.0,985
690,2013-09-11,2.5,1378828800.0,985
691,2013-09-12,5.0,1378915200.0,985
692,2013-09-13,1.5,1379001600.0,985
693,2013-09-14,1.0,1379088000.0,985
694,2013-09-16,3.0,1379260800.0,985
695,2013-09-17,3.0,1379347200.0,985
696,2013-09-18,4.5,1379433600.0,985
697,2013-09-20,1.0,1379606400.0,985
698,2013-09-22,7.5,1379779200.0,985
699,2013-09-23,10.5,1379865600.0,985
700,2013-09-24,8.5,1379952000.0,985
701,2013-09-25,7.5,1380038400.0,985
702,2013-09-26,8.5,1380124800.0,985
703,2013-09-27,8.5,1380211200.0,985
704,2013-09-28,4.0,1380297600.0,985
705,2013-09-29,4.5,1380384000.0,985
706,2013-09-30,3.0,1380470400.0,985
707,2013-10-08,4.5,1381161600.0,985
708,2013-10-09,7.5,1381248000.0,985
709,2013-10-10,14.0,1381334400.0,985
710,2013-10-11,10.0,1381420800.0,985
711,2013-10-12,8.5,1381507200.0,985
712,2013-10-13,4.0,1381593600.0,985
713,2013-10-14,13.0,1381680000.0,985
714,2013-10-15,14.0,1381766400.0,985
715,2013-10-16,13.5,1381852800.0,985
716,2013-10-17,11.0,1381939200.0,985
717,2013-10-18,23.0,1382025600.0,985
718,2013-10-19,11.0,1382112000.0,985
719,2013-10-20,3.0,1382198400.0,985
720,2013-10-21,14.0,1382284800.0,985
721,2013-10-22,16.5,1382371200.0,985
722,2013-10-23,17.5,1382457600.0,985
723,2013-10-24,17.0,1382544000.0,985
724,2013-10-25,13.5,1382630400.0,985
725,2013-10-26,9.0,1382716800.0,985
726,2013-10-27,10.0,1382803200.0,985
727,2013-10-28,28.0,1382889600.0,985
728,2013-10-29,12.0,1382976000.0,985
729,2013-10-30,15.5,1383062400.0,985
730,2013-10-31,7.0,1383148800.0,985
731,2013-11-01,10.0,1383235200.0,985
732,2013-11-02,7.0,1383321600.0,985
733,2013-11-03,3.0,1383408000.0,985
734,2013-11-04,11.5,1383494400.0,985
735,2013-11-05,7.5,1383580800.0,985
736,2013-11-06,9.5,1383667200.0,985
737,2013-11-07,11.5,1383753600.0,985
738,2013-11-08,9.0,1383840000.0,985
739,2013-11-09,7.0,1383926400.0,985
740,2013-11-10,8.0,1384012800.0,985
741,2013-11-11,8.0,1384099200.0,985
742,2013-11-12,11.0,1384185600.0,985
743,2013-11-13,22.0,1384272000.0,985
744,2013-11-14,7.0,1384358400.0,985
745,2013-11-15,5.5,1384444800.0,985
746,2013-11-16,4.0,1384531200.0,985
747,2013-11-17,4.0,1384617600.0,985
748,2013-11-18,24.0,1384704000.0,985
749,2013-11-19,8.0,1384790400.0,985
750,2013-11-20,7.5,1384876800.0,985
751,2013-11-21,10.5,1384963200.0,985
752,2013-11-22,7.5,1385049600.0,985
753,2013-11-23,4.0,1385136000.0,985
754,2013-11-24,4.0,1385222400.0,985
755,2013-11-25,13.5,1385308800.0,985
756,2013-11-26,9.0,1385395200.0,985
757,2013-11-27,11.5,1385481600.0,985
758,2013-11-28,8.0,1385568000.0,985
759,2013-11-29,4.5,1385654400.0,985
760,2013-11-30,8.0,1385740800.0,985
761,2013-12-01,228.0,1385827200.0,985
762,2013-12-02,5.0,1385913600.0,985
763,2013-12-03,4.5,1386000000.0,985
764,2013-12-04,8.0,1386086400.0,985
765,2013-12-05,3.5,1386172800.0,985
766,2013-12-06,4.0,1386259200.0,985
767,2013-12-07,3.0,1386345600.0,985
768,2013-12-08,1.0,1386432000.0,985
769,2013-12-09,2.5,1386518400.0,985
770,2013-12-10,5.0,1386604800.0,985
771,2013-12-11,3.5,1386691200.0,985
772,2013-12-12,7.0,1386777600.0,985
773,2013-12-13,2.5,1386864000.0,985
774,2013-12-14,1.0,1386950400.0,985
775,2013-12-16,3.0,1387123200.0,985
776,2013-12-17,3.0,1387209600.0,985
777,2013-12-18,3.0,1387296000.0,985
778,2013-12-19,2.5,1387382400.0,985
779,2013-12-20,4.0,1387468800.0,985
780,2013-12-23,3.0,1387728000.0,985
781,2013-12-24,1.0,1387814400.0,985
782,2013-12-25,1.0,1387900800.0,985
783,2013-12-26,3.0,1387987200.0,985
784,2013-12-27,3.0,1388073600.0,985
785,2013-12-28,2.0,1388160000.0,985
786,2013-12-30,3.0,1388332800.0,985
787,2013-12-31,1.0,1388419200.0,985
788,2014-01-03,1.0,1388678400.0,985
789,2014-01-04,2.0,1388764800.0,985
790,2014-01-05,1.0,1388851200.0,985
791,2014-01-07,1.0,1389024000.0,985
792,2014-01-08,3.0,1389110400.0,985
793,2014-01-09,2.0,1389196800.0,985
794,2014-01-10,1.0,1389283200.0,985
795,2014-01-11,2.0,1389369600.0,985
796,2014-01-12,1.0,1389456000.0,985
797,2014-01-14,7.0,1389628800.0,985
798,2014-01-15,2.0,1389715200.0,985
799,2014-01-16,1.0,1389801600.0,985
800,2014-01-17,1.0,1389888000.0,985
801,2014-02-18,14.0,1392652800.0,985
802,2014-02-19,5.0,1392739200.0,985
803,2014-02-20,1.0,1392825600.0,985
804,2014-02-21,2.0,1392912000.0,985
805,2014-02-24,8.0,1393171200.0,985
806,2014-02-25,4.0,1393257600.0,985
807,2014-02-26,8.0,1393344000.0,985
808,2014-02-27,3.0,1393430400.0,985
809,2014-02-28,1.0,1393516800.0,985
810,2014-03-01,1.0,1393603200.0,985
811,2014-03-03,6.5,1393776000.0,985
812,2014-03-04,7.0,1393862400.0,985
813,2014-03-05,7.5,1393948800.0,985
814,2014-03-06,6.5,1394035200.0,985
815,2014-03-07,4.0,1394121600.0,985
816,2014-03-08,1.0,1394208000.0,985
817,2014-03-09,4.0,1394294400.0,985
818,2014-03-10,17.0,1394380800.0,985
819,2014-03-11,12.0,1394467200.0,985
820,2014-03-12,8.0,1394553600.0,985
821,2014-03-13,6.0,1394640000.0,985
822,2014-03-14,10.0,1394726400.0,985
823,2014-03-15,2.0,1394812800.0,985
824,2014-03-16,3.0,1394899200.0,985
825,2014-03-17,5.0,1394985600.0,985
826,2014-03-18,11.0,1395072000.0,985
827,2014-03-19,7.0,1395158400.0,985
828,2014-03-20,5.0,1395244800.0,985
829,2014-03-21,2.5,1395331200.0,985
830,2014-03-22,1.0,1395417600.0,985
831,2014-03-23,3.0,1395504000.0,985
832,2014-03-24,12.0,1395590400.0,985
833,2014-03-25,5.5,1395676800.0,985
834,2014-03-26,14.0,1395763200.0,985
835,2014-03-27,9.0,1395849600.0,985
836,2014-03-28,12.0,1395936000.0,985
837,2014-03-29,93.0,1396022400.0,985
838,2014-03-30,6.0,1396108800.0,985
839,2014-03-31,3.0,1396195200.0,985
840,2014-04-01,7.0,1396281600.0,985
841,2014-04-02,8.0,1396368000.0,985
842,2014-04-03,3.5,1396454400.0,985
843,2014-04-04,4.0,1396540800.0,985
844,2014-04-05,1.0,1396627200.0,985
845,2014-04-07,1.0,1396800000.0,985
846,2014-04-08,2.5,1396886400.0,985
847,2014-04-09,5.0,1396972800.0,985
848,2014-04-10,12.0,1397059200.0,985
849,2014-04-11,5.0,1397145600.0,985
850,2014-04-12,2.0,1397232000.0,985
851,2014-04-13,1.0,1397318400.0,985
852,2014-04-14,2.5,1397404800.0,985
853,2014-04-15,4.0,1397491200.0,985
854,2014-04-16,4.5,1397577600.0,985
855,2014-04-17,5.0,1397664000.0,985
856,2014-04-18,4.0,1397750400.0,985
857,2014-04-19,1.0,1397836800.0,985
858,2014-04-20,2.0,1397923200.0,985
859,2014-04-21,9.0,1398009600.0,985
860,2014-04-22,2.5,1398096000.0,985
861,2014-04-23,11.0,1398182400.0,985
862,2014-04-24,6.0,1398268800.0,985
863,2014-04-25,3.0,1398355200.0,985
864,2014-04-26,1.0,1398441600.0,985
865,2014-04-28,3.0,1398614400.0,985
866,2014-04-29,5.0,1398700800.0,985
867,2014-04-30,1.5,1398787200.0,985
868,2014-05-03,1.0,1399046400.0,985
869,2014-05-04,2.0,1399132800.0,985
870,2014-05-05,1.0,1399219200.0,985
871,2014-05-06,4.0,1399305600.0,985
872,2014-05-07,1.0,1399392000.0,985
873,2014-05-08,4.0,1399478400.0,985
874,2014-05-09,13.0,1399564800.0,985
875,2014-05-11,1.0,1399737600.0,985
876,2014-05-12,7.0,1399824000.0,985
877,2014-05-13,8.0,1399910400.0,985
878,2014-05-14,3.0,1399996800.0,985
879,2014-05-15,3.0,1400083200.0,985
880,2014-05-16,3.5,1400169600.0,985
881,2014-05-17,1.0,1400256000.0,985
882,2014-05-18,1.0,1400342400.0,985
883,2014-05-19,4.0,1400428800.0,985
884,2014-05-20,5.0,1400515200.0,985
885,2014-05-21,6.0,1400601600.0,985
886,2014-05-22,2.0,1400688000.0,985
887,2014-05-23,3.0,1400774400.0,985
888,2014-05-26,1.0,1401033600.0,985
889,2014-05-27,2.0,1401120000.0,985
890,2014-05-28,3.0,1401206400.0,985
891,2014-05-29,6.0,1401292800.0,985
892,2014-05-30,2.0,1401379200.0,985
893,2014-06-03,2.5,1401724800.0,985
894,2014-06-04,5.0,1401811200.0,985
895,2014-06-05,3.0,1401897600.0,985
896,2014-06-06,2.0,1401984000.0,985
897,2014-06-07,3.0,1402070400.0,985
898,2014-06-08,1.0,1402156800.0,985
899,2014-06-09,2.0,1402243200.0,985
900,2014-06-10,7.0,1402329600.0,985
901,2014-06-11,4.0,1402416000.0,985
902,2014-06-12,2.0,1402502400.0,985
903,2014-06-13,3.5,1402588800.0,985
904,2014-06-14,1.0,1402675200.0,985
905,2014-06-16,3.0,1402848000.0,985
906,2014-06-17,2.0,1402934400.0,985
907,2014-06-18,1.0,1403020800.0,985
908,2014-06-19,3.0,1403107200.0,985
909,2014-06-20,3.0,1403193600.0,985
910,2014-06-22,1.0,1403366400.0,985
911,2014-06-23,2.0,1403452800.0,985
912,2014-06-25,1.0,1403625600.0,985
913,2014-07-01,2.0,1404144000.0,985
914,2014-07-02,1.0,1404230400.0,985
915,2014-07-04,2.0,1404403200.0,985
916,2014-07-10,1.0,1404921600.0,985
917,2014-07-17,1.0,1405526400.0,985
918,2014-07-20,1.0,1405785600.0,985
919,2014-08-04,1.0,1407081600.0,985
920,2014-08-06,1.0,1407254400.0,985
921,2014-08-19,1.0,1408377600.0,985
922,2014-08-21,1.0,1408550400.0,985
923,2014-08-26,1.0,1408982400.0,985
924,2014-09-01,1.0,1409500800.0,985
925,2014-09-02,1.0,1409587200.0,985
926,2014-09-03,1.0,1409673600.0,985
927,2014-09-04,1.0,1409760000.0,985
928,2014-09-05,1.5,1409846400.0,985
929,2014-09-09,4.5,1410192000.0,985
930,2014-09-10,5.0,1410278400.0,985
931,2014-09-11,4.5,1410364800.0,985
932,2014-09-12,7.0,1410451200.0,985
933,2014-09-13,2.0,1410537600.0,985
934,2014-09-15,5.0,1410710400.0,985
935,2014-09-16,8.5,1410796800.0,985
936,2014-09-17,10.5,1410883200.0,985
937,2014-09-18,7.0,1410969600.0,985
938,2014-09-19,5.0,1411056000.0,985
939,2014-09-20,6.0,1411142400.0,985
940,2014-09-21,7.0,1411228800.0,985
941,2014-09-22,10.0,1411315200.0,985
942,2014-09-23,9.5,1411401600.0,985
943,2014-09-24,10.0,1411488000.0,985
944,2014-09-25,7.0,1411574400.0,985
945,2014-09-26,9.0,1411660800.0,985
946,2014-09-27,2.5,1411747200.0,985
947,2014-09-28,4.5,1411833600.0,985
948,2014-09-29,10.0,1411920000.0,985
949,2014-09-30,4.5,1412006400.0,985
950,2014-10-01,2.0,1412092800.0,985
951,2014-10-07,1.0,1412611200.0,985
952,2014-10-08,10.5,1412697600.0,985
953,2014-10-09,13.5,1412784000.0,985
954,2014-10-10,17.5,1412870400.0,985
955,2014-10-11,10.0,1412956800.0,985
956,2014-10-12,8.5,1413043200.0,985
957,2014-10-13,21.5,1413129600.0,985
958,2014-10-14,19.5,1413216000.0,985
959,2014-10-15,13.0,1413302400.0,985
960,2014-10-16,32.0,1413388800.0,985
961,2014-10-17,21.5,1413475200.0,985
962,2014-10-18,15.0,1413561600.0,985
963,2014-10-19,4.5,1413648000.0,985
964,2014-10-20,21.0,1413734400.0,985
965,2014-10-21,20.5,1413820800.0,985
966,2014-10-22,17.0,1413907200.0,985
967,2014-10-23,17.5,1413993600.0,985
968,2014-10-24,26.5,1414080000.0,985
969,2014-10-25,13.0,1414166400.0,985
970,2014-10-26,9.0,1414252800.0,985
971,2014-10-27,15.5,1414339200.0,985
972,2014-10-28,20.5,1414425600.0,985
973,2014-10-29,17.5,1414512000.0,985
974,2014-10-30,22.0,1414598400.0,985
975,2014-10-31,13.5,1414684800.0,985
976,2014-11-01,4.0,1414771200.0,985
977,2014-11-02,8.0,1414857600.0,985
978,2014-11-03,17.0,1414944000.0,985
979,2014-11-04,22.5,1415030400.0,985
980,2014-11-05,26.5,1415116800.0,985
981,2014-11-06,15.5,1415203200.0,985
982,2014-11-07,12.5,1415289600.0,985
983,2014-11-08,10.0,1415376000.0,985
984,2014-11-09,3.0,1415462400.0,985
985,2014-11-10,10.5,1415548800.0,985
986,2014-11-11,11.0,1415635200.0,985
987,2014-11-12,12.5,1415721600.0,985
988,2014-11-13,9.0,1415808000.0,985
989,2014-11-14,13.5,1415894400.0,985
990,2014-11-15,8.0,1415980800.0,985
991,2014-11-16,2.0,1416067200.0,985
992,2014-11-17,5.5,1416153600.0,985
993,2014-11-18,9.5,1416240000.0,985
994,2014-11-19,7.0,1416326400.0,985
995,2014-11-20,10.5,1416412800.0,985
996,2014-11-21,10.5,1416499200.0,985
997,2014-11-22,3.0,1416585600.0,985
998,2014-11-23,7.0,1416672000.0,985
999,2014-11-24,13.5,1416758400.0,985
1000,2014-11-25,13.5,1416844800.0,985
1001,2014-11-26,11.5,1416931200.0,985
1002,2014-11-27,10.0,1417017600.0,985
1003,2014-11-28,8.0,1417104000.0,985
1004,2014-11-29,5.0,1417190400.0,985
1005,2014-11-30,306.0,1417276800.0,985
1006,2014-12-01,3.5,1417363200.0,985
1007,2014-12-02,2.5,1417449600.0,985
1008,2014-12-03,3.0,1417536000.0,985
1009,2014-12-04,6.5,1417622400.0,985
1010,2014-12-05,4.0,1417708800.0,985
1011,2014-12-06,2.0,1417795200.0,985
1012,2014-12-07,3.0,1417881600.0,985
1013,2014-12-08,2.0,1417968000.0,985
1014,2014-12-09,6.0,1418054400.0,985
1015,2014-12-10,4.0,1418140800.0,985
1016,2014-12-11,2.5,1418227200.0,985
1017,2014-12-12,4.5,1418313600.0,985
1018,2014-12-13,3.0,1418400000.0,985
1019,2014-12-14,3.0,1418486400.0,985
1020,2014-12-15,4.0,1418572800.0,985
1021,2014-12-16,4.0,1418659200.0,985
1022,2014-12-17,3.0,1418745600.0,985
1023,2014-12-18,4.5,1418832000.0,985
1024,2014-12-19,5.0,1418918400.0,985
1025,2014-12-20,1.0,1419004800.0,985
1026,2014-12-22,3.0,1419177600.0,985
1027,2014-12-23,4.0,1419264000.0,985
1028,2014-12-24,5.0,1419350400.0,985
1029,2014-12-25,3.0,1419436800.0,985
1030,2014-12-26,2.0,1419523200.0,985
1031,2014-12-27,1.0,1419609600.0,985
1032,2014-12-29,2.0,1419782400.0,985
1033,2014-12-30,2.0,1419868800.0,985
1034,2014-12-31,2.0,1419955200.0,985
1035,2015-01-01,1.0,1420041600.0,985
1036,2015-01-04,1.0,1420300800.0,985
1037,2015-01-05,3.5,1420387200.0,985
1038,2015-01-06,4.0,1420473600.0,985
1039,2015-01-07,2.0,1420560000.0,985
1040,2015-01-08,6.0,1420646400.0,985
1041,2015-01-09,5.0,1420732800.0,985
1042,2015-01-10,1.0,1420819200.0,985
1043,2015-01-12,2.0,1420992000.0,985
1044,2015-01-13,3.0,1421078400.0,985
1045,2015-01-14,1.0,1421164800.0,985
1046,2015-01-19,2.0,1421596800.0,985
1047,2015-01-20,2.0,1421683200.0,985
1048,2015-01-21,1.0,1421769600.0,985
1049,2015-01-22,1.0,1421856000.0,985
1050,2015-01-23,3.0,1421942400.0,985
1051,2015-01-26,1.0,1422201600.0,985
1052,2015-01-29,1.0,1422460800.0,985
1053,2015-02-23,6.0,1424620800.0,985
1054,2015-02-27,1.0,1424966400.0,985
1055,2015-02-28,2.0,1425052800.0,985
1056,2015-03-01,1.0,1425139200.0,985
1057,2015-03-02,2.0,1425225600.0,985
1058,2015-03-03,3.5,1425312000.0,985
1059,2015-03-04,5.0,1425398400.0,985
1060,2015-03-05,5.5,1425484800.0,985
1061,2015-03-06,5.0,1425571200.0,985
1062,2015-03-08,2.0,1425744000.0,985
1063,2015-03-09,7.0,1425830400.0,985
1064,2015-03-10,4.5,1425916800.0,985
1065,2015-03-11,6.0,1426003200.0,985
1066,2015-03-12,8.0,1426089600.0,985
1067,2015-03-13,6.0,1426176000.0,985
1068,2015-03-14,3.5,1426262400.0,985
1069,2015-03-15,7.0,1426348800.0,985
1070,2015-03-16,6.0,1426435200.0,985
1071,2015-03-17,11.5,1426521600.0,985
1072,2015-03-18,12.0,1426608000.0,985
1073,2015-03-19,10.5,1426694400.0,985
1074,2015-03-20,5.5,1426780800.0,985
1075,2015-03-21,5.0,1426867200.0,985
1076,2015-03-22,6.0,1426953600.0,985
1077,2015-03-23,9.0,1427040000.0,985
1078,2015-03-24,5.5,1427126400.0,985
1079,2015-03-25,7.5,1427212800.0,985
1080,2015-03-26,10.5,1427299200.0,985
1081,2015-03-27,8.0,1427385600.0,985
1082,2015-03-28,4.0,1427472000.0,985
1083,2015-03-29,4.0,1427558400.0,985
1084,2015-03-30,7.0,1427644800.0,985
1085,2015-03-31,5.0,1427731200.0,985
1086,2015-04-01,7.0,1427817600.0,985
1087,2015-04-02,6.0,1427904000.0,985
1088,2015-04-03,4.0,1427990400.0,985
1089,2015-04-07,3.5,1428336000.0,985
1090,2015-04-08,2.0,1428422400.0,985
1091,2015-04-09,7.0,1428508800.0,985
1092,2015-04-10,4.5,1428595200.0,985
1093,2015-04-11,3.0,1428681600.0,985
1094,2015-04-12,1.0,1428768000.0,985
1095,2015-04-13,6.5,1428854400.0,985
1096,2015-04-14,4.5,1428940800.0,985
1097,2015-04-15,7.0,1429027200.0,985
1098,2015-04-16,5.5,1429113600.0,985
1099,2015-04-17,4.0,1429200000.0,985
1100,2015-04-18,1.5,1429286400.0,985
1101,2015-04-19,2.0,1429372800.0,985
1102,2015-04-20,6.5,1429459200.0,985
1103,2015-04-21,4.0,1429545600.0,985
1104,2015-04-22,2.5,1429632000.0,985
1105,2015-04-23,3.0,1429718400.0,985
1106,2015-04-24,5.0,1429804800.0,985
1107,2015-04-25,1.5,1429891200.0,985
1108,2015-04-26,1.0,1429977600.0,985
1109,2015-04-27,3.0,1430064000.0,985
1110,2015-04-28,4.0,1430150400.0,985
1111,2015-04-29,5.0,1430236800.0,985
1112,2015-04-30,2.0,1430323200.0,985
1113,2015-05-04,1.0,1430668800.0,985
1114,2015-05-05,4.0,1430755200.0,985
1115,2015-05-06,3.0,1430841600.0,985
1116,2015-05-07,2.0,1430928000.0,985
1117,2015-05-08,2.0,1431014400.0,985
1118,2015-05-10,2.5,1431187200.0,985
1119,2015-05-11,2.0,1431273600.0,985
1120,2015-05-12,1.0,1431360000.0,985
1121,2015-05-13,2.0,1431446400.0,985
1122,2015-05-14,1.5,1431532800.0,985
1123,2015-05-15,3.0,1431619200.0,985
1124,2015-05-16,3.0,1431705600.0,985
1125,2015-05-17,2.0,1431792000.0,985
1126,2015-05-18,1.5,1431878400.0,985
1127,2015-05-19,1.5,1431964800.0,985
1128,2015-05-20,1.5,1432051200.0,985
1129,2015-05-21,3.0,1432137600.0,985
1130,2015-05-22,2.5,1432224000.0,985
1131,2015-05-23,2.0,1432310400.0,985
1132,2015-05-24,2.0,1432396800.0,985
1133,2015-05-25,1.5,1432483200.0,985
1134,2015-05-26,3.0,1432569600.0,985
1135,2015-05-27,1.0,1432656000.0,985
1136,2015-05-28,1.0,1432742400.0,985
1137,2015-05-29,1.0,1432828800.0,985
1138,2015-06-01,1.0,1433088000.0,985
1139,2015-06-03,1.0,1433260800.0,985
1140,2015-06-04,2.0,1433347200.0,985
1141,2015-06-05,2.0,1433433600.0,985
1142,2015-06-08,2.0,1433692800.0,985
1143,2015-06-09,1.0,1433779200.0,985
1144,2015-06-10,1.0,1433865600.0,985
1145,2015-06-11,1.0,1433952000.0,985
1146,2015-06-16,1.0,1434384000.0,985
1147,2015-06-17,1.0,1434470400.0,985
1148,2015-06-24,2.0,1435075200.0,985
1149,2015-06-30,2.0,1435593600.0,985
1150,2015-07-01,1.0,1435680000.0,985
1151,2015-07-03,2.0,1435852800.0,985
1152,2015-08-26,1.0,1440518400.0,985
1153,2015-09-06,1.5,1441468800.0,985
1154,2015-09-07,9.0,1441555200.0,985
1155,2015-09-08,5.5,1441641600.0,985
1156,2015-09-09,6.5,1441728000.0,985
1157,2015-09-10,14.5,1441814400.0,985
1158,2015-09-11,10.0,1441900800.0,985
1159,2015-09-12,2.0,1441987200.0,985
1160,2015-09-13,2.0,1442073600.0,985
1161,2015-09-14,12.0,1442160000.0,985
1162,2015-09-15,10.0,1442246400.0,985
1163,2015-09-16,12.0,1442332800.0,985
1164,2015-09-17,19.0,1442419200.0,985
1165,2015-09-18,16.0,1442505600.0,985
1166,2015-09-19,5.5,1442592000.0,985
1167,2015-09-20,5.0,1442678400.0,985
1168,2015-09-21,19.5,1442764800.0,985
1169,2015-09-22,23.0,1442851200.0,985
1170,2015-09-23,25.0,1442937600.0,985
1171,2015-09-24,17.5,1443024000.0,985
1172,2015-09-25,16.0,1443110400.0,985
1173,2015-09-26,1.5,1443196800.0,985
1174,2015-09-28,20.5,1443369600.0,985
1175,2015-09-29,19.0,1443456000.0,985
1176,2015-09-30,12.5,1443542400.0,985
1177,2015-10-08,24.5,1444233600.0,985
1178,2015-10-09,29.0,1444320000.0,985
1179,2015-10-10,23.5,1444406400.0,985
1180,2015-10-11,32.0,1444492800.0,985
1181,2015-10-12,33.0,1444579200.0,985
1182,2015-10-13,28.5,1444665600.0,985
1183,2015-10-14,36.0,1444752000.0,985
1184,2015-10-15,39.5,1444838400.0,985
1185,2015-10-16,37.0,1444924800.0,985
1186,2015-10-17,14.5,1445011200.0,985
1187,2015-10-18,19.666666666666668,1445097600.0,985
1188,2015-10-19,65.0,1445184000.0,985
1189,2015-10-20,49.666666666666664,1445270400.0,985
1190,2015-10-21,29.333333333333332,1445356800.0,985
1191,2015-10-22,23.0,1445443200.0,985
1192,2015-10-23,23.333333333333332,1445529600.0,985
1193,2015-10-24,16.666666666666668,1445616000.0,985
1194,2015-10-25,12.666666666666666,1445702400.0,985
1195,2015-10-26,22.333333333333332,1445788800.0,985
1196,2015-10-27,29.0,1445875200.0,985
1197,2015-10-28,25.666666666666668,1445961600.0,985
1198,2015-10-29,25.0,1446048000.0,985
1199,2015-10-30,18.333333333333332,1446134400.0,985
1200,2015-10-31,12.0,1446220800.0,985
1201,2015-11-01,7.0,1446307200.0,985
1202,2015-11-02,18.666666666666668,1446393600.0,985
1203,2015-11-03,21.333333333333332,1446480000.0,985
1204,2015-11-04,15.666666666666666,1446566400.0,985
1205,2015-11-05,19.0,1446652800.0,985
1206,2015-11-06,14.0,1446739200.0,985
1207,2015-11-07,6.5,1446825600.0,985
1208,2015-11-08,4.333333333333333,1446912000.0,985
1209,2015-11-09,14.666666666666666,1446998400.0,985
1210,2015-11-10,16.666666666666668,1447084800.0,985
1211,2015-11-11,13.666666666666666,1447171200.0,985
1212,2015-11-12,20.333333333333332,1447257600.0,985
1213,2015-11-13,13.666666666666666,1447344000.0,985
1214,2015-11-14,7.5,1447430400.0,985
1215,2015-11-15,5.333333333333333,1447516800.0,985
1216,2015-11-16,14.333333333333334,1447603200.0,985
1217,2015-11-17,16.333333333333332,1447689600.0,985
1218,2015-11-18,14.666666666666666,1447776000.0,985
1219,2015-11-19,12.666666666666666,1447862400.0,985
1220,2015-11-20,11.0,1447948800.0,985
1221,2015-11-21,5.333333333333333,1448035200.0,985
1222,2015-11-22,3.5,1448121600.0,985
1223,2015-11-23,11.666666666666666,1448208000.0,985
1224,2015-11-24,7.0,1448294400.0,985
1225,2015-11-25,9.0,1448380800.0,985
1226,2015-11-26,11.0,1448467200.0,985
1227,2015-11-27,6.333333333333333,1448553600.0,985
1228,2015-11-28,3.6666666666666665,1448640000.0,985
1229,2015-11-29,303.0,1448726400.0,985
1230,2015-11-30,7.0,1448812800.0,985
1231,2015-12-01,5.333333333333333,1448899200.0,985
1232,2015-12-02,4.333333333333333,1448985600.0,985
1233,2015-12-03,7.333333333333333,1449072000.0,985
1234,2015-12-04,4.666666666666667,1449158400.0,985
1235,2015-12-05,1.0,1449244800.0,985
1236,2015-12-07,3.3333333333333335,1449417600.0,985
1237,2015-12-08,5.333333333333333,1449504000.0,985
1238,2015-12-09,7.0,1449590400.0,985
1239,2015-12-10,3.6666666666666665,1449676800.0,985
1240,2015-12-11,4.666666666666667,1449763200.0,985
1241,2015-12-12,1.0,1449849600.0,985
1242,2015-12-13,2.0,1449936000.0,985
1243,2015-12-14,4.0,1450022400.0,985
1244,2015-12-15,5.0,1450108800.0,985
1245,2015-12-16,5.5,1450195200.0,985
1246,2015-12-17,4.5,1450281600.0,985
1247,2015-12-18,5.0,1450368000.0,985
1248,2015-12-19,3.0,1450454400.0,985
1249,2015-12-20,3.0,1450540800.0,985
1250,2015-12-21,3.3333333333333335,1450627200.0,985
1251,2015-12-22,1.6666666666666667,1450713600.0,985
1252,2015-12-23,2.5,1450800000.0,985
1253,2015-12-24,2.0,1450886400.0,985
1254,2015-12-25,1.0,1450972800.0,985
1255,2015-12-27,1.0,1451145600.0,985
1256,2015-12-28,2.0,1451232000.0,985
1257,2015-12-29,2.5,1451318400.0,985
1258,2016-01-04,2.0,1451836800.0,985
1259,2016-01-05,1.0,1451923200.0,985
1260,2016-01-06,1.0,1452009600.0,985
1261,2016-01-07,4.0,1452096000.0,985
1262,2016-01-08,1.6666666666666667,1452182400.0,985
1263,2016-01-09,2.0,1452268800.0,985
1264,2016-01-10,1.0,1452355200.0,985
1265,2016-01-11,1.0,1452441600.0,985
1266,2016-01-12,1.0,1452528000.0,985
1267,2016-01-13,1.0,1452614400.0,985
1268,2016-01-14,1.0,1452700800.0,985
1269,2016-01-15,1.0,1452787200.0,985
1270,2016-01-20,2.0,1453219200.0,985
1271,2016-01-22,1.0,1453392000.0,985
1272,2016-01-26,2.0,1453737600.0,985
1273,2016-02-03,1.0,1454428800.0,985
1274,2016-02-18,1.0,1455724800.0,985
1275,2016-02-22,3.0,1456070400.0,985
1276,2016-02-23,2.0,1456156800.0,985
1277,2016-02-24,5.0,1456243200.0,985
1278,2016-02-25,2.3333333333333335,1456329600.0,985
1279,2016-02-26,3.5,1456416000.0,985
1280,2016-02-27,1.0,1456502400.0,985
1281,2016-02-28,1.0,1456588800.0,985
1282,2016-02-29,5.333333333333333,1456675200.0,985
1283,2016-03-01,6.333333333333333,1456761600.0,985
1284,2016-03-02,5.666666666666667,1456848000.0,985
1285,2016-03-03,10.333333333333334,1456934400.0,985
1286,2016-03-04,5.0,1457020800.0,985
1287,2016-03-05,2.0,1457107200.0,985
1288,2016-03-06,2.0,1457193600.0,985
1289,2016-03-07,9.5,1457280000.0,985
1290,2016-03-08,10.666666666666666,1457366400.0,985
1291,2016-03-09,12.666666666666666,1457452800.0,985
1292,2016-03-10,12.666666666666666,1457539200.0,985
1293,2016-03-11,11.0,1457625600.0,985
1294,2016-03-12,4.666666666666667,1457712000.0,985
1295,2016-03-13,8.0,1457798400.0,985
1296,2016-03-14,15.333333333333334,1457884800.0,985
1297,2016-03-15,14.0,1457971200.0,985
1298,2016-03-16,12.0,1458057600.0,985
1299,2016-03-17,10.0,1458144000.0,985
1300,2016-03-18,13.333333333333334,1458230400.0,985
1301,2016-03-19,3.5,1458316800.0,985
1302,2016-03-20,5.0,1458403200.0,985
1303,2016-03-21,13.333333333333334,1458489600.0,985
1304,2016-03-22,13.0,1458576000.0,985
1305,2016-03-23,12.0,1458662400.0,985
1306,2016-03-24,11.666666666666666,1458748800.0,985
1307,2016-03-25,9.333333333333334,1458835200.0,985
1308,2016-03-26,3.5,1458921600.0,985
1309,2016-03-27,3.0,1459008000.0,985
1310,2016-03-28,7.0,1459094400.0,985
1311,2016-03-29,8.666666666666666,1459180800.0,985
1312,2016-03-30,7.0,1459267200.0,985
1313,2016-03-31,7.666666666666667,1459353600.0,985
1314,2016-04-01,3.6666666666666665,1459440000.0,985
1315,2016-04-03,1.0,1459612800.0,985
1316,2016-04-04,1.0,1459699200.0,985
1317,2016-04-05,2.5,1459785600.0,985
1318,2016-04-06,7.333333333333333,1459872000.0,985
1319,2016-04-07,5.5,1459958400.0,985
1320,2016-04-08,6.0,1460044800.0,985
1321,2016-04-09,1.3333333333333333,1460131200.0,985
1322,2016-04-10,3.0,1460217600.0,985
1323,2016-04-11,9.0,1460304000.0,985
1324,2016-04-12,4.333333333333333,1460390400.0,985
1325,2016-04-13,4.0,1460476800.0,985
1326,2016-04-14,2.6666666666666665,1460563200.0,985
1327,2016-04-15,6.666666666666667,1460649600.0,985
1328,2016-04-16,2.0,1460736000.0,985
1329,2016-04-17,6.0,1460822400.0,985
1330,2016-04-18,4.0,1460908800.0,985
1331,2016-04-19,3.3333333333333335,1460995200.0,985
1332,2016-04-20,3.6666666666666665,1461081600.0,985
1333,2016-04-21,4.333333333333333,1461168000.0,985
1334,2016-04-22,4.0,1461254400.0,985
1335,2016-04-23,2.5,1461340800.0,985
1336,2016-04-24,1.0,1461427200.0,985
1337,2016-04-25,3.3333333333333335,1461513600.0,985
1338,2016-04-26,5.333333333333333,1461600000.0,985
1339,2016-04-27,2.0,1461686400.0,985
1340,2016-04-28,3.5,1461772800.0,985
1341,2016-04-29,1.6666666666666667,1461859200.0,985
1342,2016-05-03,1.0,1462204800.0,985
1343,2016-05-04,2.0,1462291200.0,985
1344,2016-05-05,1.6666666666666667,1462377600.0,985
1345,2016-05-06,3.0,1462464000.0,985
1346,2016-05-07,1.0,1462550400.0,985
1347,2016-05-08,1.0,1462636800.0,985
1348,2016-05-09,3.0,1462723200.0,985
1349,2016-05-10,1.0,1462809600.0,985
1350,2016-05-11,1.0,1462896000.0,985
1351,2016-05-12,4.0,1462982400.0,985
1352,2016-05-13,4.0,1463068800.0,985
1353,2016-05-14,1.0,1463155200.0,985
1354,2016-05-15,1.0,1463241600.0,985
1355,2016-05-16,1.0,1463328000.0,985
1356,2016-05-17,2.3333333333333335,1463414400.0,985
1357,2016-05-18,2.6666666666666665,1463500800.0,985
1358,2016-05-19,3.5,1463587200.0,985
1359,2016-05-20,2.0,1463673600.0,985
1360,2016-05-21,1.0,1463760000.0,985
1361,2016-05-22,2.0,1463846400.0,985
1362,2016-05-23,2.3333333333333335,1463932800.0,985
1363,2016-05-24,2.3333333333333335,1464019200.0,985
1364,2016-05-25,1.6666666666666667,1464105600.0,985
1365,2016-05-26,4.5,1464192000.0,985
1366,2016-05-27,1.6666666666666667,1464278400.0,985
1367,2016-05-28,1.0,1464364800.0,985
1368,2016-05-30,1.3333333333333333,1464537600.0,985
1369,2016-05-31,7.0,1464624000.0,985
1370,2016-06-01,7.0,1464710400.0,985
1371,2016-06-02,1.0,1464796800.0,985
1372,2016-06-03,1.0,1464883200.0,985
1373,2016-06-04,1.0,1464969600.0,985
1374,2016-06-05,1.0,1465056000.0,985
1375,2016-06-06,1.3333333333333333,1465142400.0,985
1376,2016-06-07,1.0,1465228800.0,985
1377,2016-06-12,2.0,1465660800.0,985
1378,2016-06-13,2.5,1465747200.0,985
1379,2016-06-14,3.0,1465833600.0,985
1380,2016-06-15,1.6666666666666667,1465920000.0,985
1381,2016-06-16,3.0,1466006400.0,985
1382,2016-06-17,1.0,1466092800.0,985
1383,2016-06-18,2.0,1466179200.0,985
1384,2016-06-19,1.0,1466265600.0,985
1385,2016-06-20,1.0,1466352000.0,985
1386,2016-06-22,1.0,1466524800.0,985
1387,2016-06-23,1.0,1466611200.0,985
1388,2016-06-24,1.0,1466697600.0,985
1389,2016-06-27,1.0,1466956800.0,985
1390,2016-06-29,1.0,1467129600.0,985
1391,2016-06-30,1.0,1467216000.0,985
1392,2016-07-08,1.0,1467907200.0,985
1393,2016-08-29,1.0,1472400000.0,985
1394,2016-08-30,1.0,1472486400.0,985
1395,2016-09-02,1.0,1472745600.0,985
1396,2016-09-03,1.0,1472832000.0,985
1397,2016-09-05,1.0,1473004800.0,985
1398,2016-09-06,1.6666666666666667,1473091200.0,985
1399,2016-09-07,2.3333333333333335,1473177600.0,985
1400,2016-09-08,2.0,1473264000.0,985
1401,2016-09-09,7.666666666666667,1473350400.0,985
1402,2016-09-10,3.6666666666666665,1473436800.0,985
1403,2016-09-11,2.5,1473523200.0,985
1404,2016-09-12,18.0,1473609600.0,985
1405,2016-09-13,13.25,1473696000.0,985
1406,2016-09-14,11.5,1473782400.0,985
1407,2016-09-16,1.0,1473955200.0,985
1408,2016-09-17,2.0,1474041600.0,985
1409,2016-09-18,11.75,1474128000.0,985
1410,2016-09-19,19.75,1474214400.0,985
1411,2016-09-20,20.5,1474300800.0,985
1412,2016-09-21,18.75,1474387200.0,985
1413,2016-09-22,22.0,1474473600.0,985
1414,2016-09-23,21.5,1474560000.0,985
1415,2016-09-24,12.25,1474646400.0,985
1416,2016-09-25,7.75,1474732800.0,985
1417,2016-09-26,16.75,1474819200.0,985
1418,2016-09-27,23.0,1474905600.0,985
1419,2016-09-28,20.25,1474992000.0,985
1420,2016-09-29,13.75,1475078400.0,985
1421,2016-09-30,12.666666666666666,1475164800.0,985
1422,2016-10-04,1.0,1475510400.0,985
1423,2016-10-08,12.0,1475856000.0,985
1424,2016-10-09,15.25,1475942400.0,985
1425,2016-10-10,24.25,1476028800.0,985
1426,2016-10-11,20.75,1476115200.0,985
1427,2016-10-12,27.0,1476201600.0,985
1428,2016-10-13,25.5,1476288000.0,985
1429,2016-10-14,25.25,1476374400.0,985
1430,2016-10-15,14.0,1476460800.0,985
1431,2016-10-16,15.25,1476547200.0,985
1432,2016-10-17,27.25,1476633600.0,985
1433,2016-10-18,32.75,1476720000.0,985
1434,2016-10-19,27.5,1476806400.0,985
1435,2016-10-20,38.25,1476892800.0,985
1436,2016-10-21,21.5,1476979200.0,985
1437,2016-10-22,15.75,1477065600.0,985
1438,2016-10-23,11.0,1477152000.0,985
1439,2016-10-24,33.5,1477238400.0,985
1440,2016-10-25,24.75,1477324800.0,985
1441,2016-10-26,21.0,1477411200.0,985
1442,2016-10-27,23.25,1477497600.0,985
1443,2016-10-28,21.5,1477584000.0,985
1444,2016-10-29,10.25,1477670400.0,985
1445,2016-10-30,8.25,1477756800.0,985
1446,2016-10-31,14.5,1477843200.0,985
1447,2016-11-01,20.25,1477929600.0,985
1448,2016-11-02,14.0,1478016000.0,985
1449,2016-11-03,17.75,1478102400.0,985
1450,2016-11-04,13.75,1478188800.0,985
1451,2016-11-05,6.25,1478275200.0,985
1452,2016-11-06,65.33333333333333,1478361600.0,985
1453,2016-11-07,13.0,1478448000.0,985
1454,2016-11-08,16.5,1478534400.0,985
1455,2016-11-09,14.0,1478620800.0,985
1456,2016-11-10,17.5,1478707200.0,985
1457,2016-11-11,32.0,1478793600.0,985
1458,2016-11-12,5.75,1478880000.0,985
1459,2016-11-13,4.0,1478966400.0,985
1460,2016-11-14,13.25,1479052800.0,985
1461,2016-11-15,12.5,1479139200.0,985
1462,2016-11-16,15.25,1479225600.0,985
1463,2016-11-17,14.75,1479312000.0,985
1464,2016-11-18,10.5,1479398400.0,985
1465,2016-11-19,6.0,1479484800.0,985
1466,2016-11-20,4.666666666666667,1479571200.0,985
1467,2016-11-21,7.75,1479657600.0,985
1468,2016-11-22,8.0,1479744000.0,985
1469,2016-11-23,10.25,1479830400.0,985
1470,2016-11-24,7.75,1479916800.0,985
1471,2016-11-25,6.75,1480003200.0,985
1472,2016-11-26,36.0,1480089600.0,985
1473,2016-11-27,5.0,1480176000.0,985
1474,2016-11-28,5.75,1480262400.0,985
1475,2016-11-29,6.0,1480348800.0,985
1476,2016-11-30,5.0,1480435200.0,985
1477,2016-12-01,6.0,1480521600.0,985
1478,2016-12-02,4.0,1480608000.0,985
1479,2016-12-03,4.0,1480694400.0,985
1480,2016-12-04,431.0,1480780800.0,985
1481,2016-12-05,2.25,1480867200.0,985
1482,2016-12-06,4.0,1480953600.0,985
1483,2016-12-07,3.3333333333333335,1481040000.0,985
1484,2016-12-08,3.5,1481126400.0,985
1485,2016-12-09,3.0,1481212800.0,985
1486,2016-12-10,2.5,1481299200.0,985
1487,2016-12-11,1.0,1481385600.0,985
1488,2016-12-12,3.25,1481472000.0,985
1489,2016-12-13,3.75,1481558400.0,985
1490,2016-12-14,3.0,1481644800.0,985
1491,2016-12-15,3.25,1481731200.0,985
1492,2016-12-16,1.3333333333333333,1481817600.0,985
1493,2016-12-17,1.5,1481904000.0,985
1494,2016-12-18,1.0,1481990400.0,985
1495,2016-12-19,2.75,1482076800.0,985
1496,2016-12-20,2.0,1482163200.0,985
1497,2016-12-21,1.75,1482249600.0,985
1498,2016-12-22,1.5,1482336000.0,985
1499,2016-12-23,1.0,1482422400.0,985
1500,2016-12-25,2.0,1482595200.0,985
1501,2016-12-26,1.5,1482681600.0,985
1502,2016-12-27,2.3333333333333335,1482768000.0,985
1503,2016-12-28,2.5,1482854400.0,985
1504,2016-12-29,4.0,1482940800.0,985
1505,2016-12-30,2.0,1483027200.0,985
1506,2017-01-03,1.0,1483372800.0,985
1507,2017-01-04,1.0,1483459200.0,985
1508,2017-01-05,1.0,1483545600.0,985
1509,2017-01-09,2.0,1483891200.0,985
1510,2017-01-12,1.0,1484150400.0,985
1511,2017-02-14,5.0,1487001600.0,985
1512,2017-02-16,1.0,1487174400.0,985
1513,2017-02-17,2.0,1487260800.0,985
1514,2017-02-20,7.5,1487520000.0,985
1515,2017-02-21,4.5,1487606400.0,985
1516,2017-02-22,6.5,1487692800.0,985
1517,2017-02-23,9.333333333333334,1487779200.0,985
1518,2017-02-24,7.5,1487865600.0,985
1519,2017-02-25,1.0,1487952000.0,985
1520,2017-02-26,2.5,1488038400.0,985
1521,2017-02-27,7.666666666666667,1488124800.0,985
1522,2017-02-28,9.0,1488211200.0,985
1523,2017-03-01,9.666666666666666,1488297600.0,985
1524,2017-03-02,11.333333333333334,1488384000.0,985
1525,2017-03-03,11.0,1488470400.0,985
1526,2017-03-04,6.0,1488556800.0,985
1527,2017-03-05,2.3333333333333335,1488643200.0,985
1528,2017-03-06,15.666666666666666,1488729600.0,985
1529,2017-03-07,13.333333333333334,1488816000.0,985
1530,2017-03-08,21.666666666666668,1488902400.0,985
1531,2017-03-09,16.0,1488988800.0,985
1532,2017-03-10,29.75,1489075200.0,985
1533,2017-03-11,3.6666666666666665,1489161600.0,985
1534,2017-03-12,5.666666666666667,1489248000.0,985
1535,2017-03-13,14.333333333333334,1489334400.0,985
1536,2017-03-14,17.333333333333332,1489420800.0,985
1537,2017-03-15,27.75,1489507200.0,985
1538,2017-03-16,25.5,1489593600.0,985
1539,2017-03-17,13.0,1489680000.0,985
1540,2017-03-18,6.666666666666667,1489766400.0,985
1541,2017-03-19,5.5,1489852800.0,985
1542,2017-03-20,13.666666666666666,1489939200.0,985
1543,2017-03-21,13.75,1490025600.0,985
1544,2017-03-22,13.333333333333334,1490112000.0,985
1545,2017-03-23,11.666666666666666,1490198400.0,985
1546,2017-03-24,11.666666666666666,1490284800.0,985
1547,2017-03-25,4.666666666666667,1490371200.0,985
1548,2017-03-26,96.33333333333333,1490457600.0,985
1549,2017-03-27,10.666666666666666,1490544000.0,985
1550,2017-03-28,12.0,1490630400.0,985
1551,2017-03-29,9.333333333333334,1490716800.0,985
1552,2017-03-30,8.666666666666666,1490803200.0,985
1553,2017-03-31,23.75,1490889600.0,985
1554,2017-04-01,2.6666666666666665,1490976000.0,985
1555,2017-04-03,1.0,1491148800.0,985
1556,2017-04-05,4.666666666666667,1491321600.0,985
1557,2017-04-06,5.333333333333333,1491408000.0,985
1558,2017-04-07,8.333333333333334,1491494400.0,985
1559,2017-04-08,5.0,1491580800.0,985
1560,2017-04-09,4.666666666666667,1491667200.0,985
1561,2017-04-10,10.0,1491753600.0,985
1562,2017-04-11,6.666666666666667,1491840000.0,985
1563,2017-04-12,6.0,1491926400.0,985
1564,2017-04-13,5.666666666666667,1492012800.0,985
1565,2017-04-14,6.0,1492099200.0,985
1566,2017-04-15,2.0,1492185600.0,985
1567,2017-04-16,3.0,1492272000.0,985
1568,2017-04-17,14.333333333333334,1492358400.0,985
1569,2017-04-18,5.0,1492444800.0,985
1570,2017-04-19,5.333333333333333,1492531200.0,985
1571,2017-04-20,8.666666666666666,1492617600.0,985
1572,2017-04-21,5.666666666666667,1492704000.0,985
1573,2017-04-22,1.5,1492790400.0,985
1574,2017-04-23,1.0,1492876800.0,985
1575,2017-04-24,3.0,1492963200.0,985
1576,2017-04-25,6.5,1493049600.0,985
1577,2017-04-26,2.0,1493136000.0,985
1578,2017-04-27,4.5,1493222400.0,985
1579,2017-04-28,3.3333333333333335,1493308800.0,985
1580,2017-05-01,5.0,1493568000.0,985
1581,2017-05-02,1.5,1493654400.0,985
1582,2017-05-03,1.0,1493740800.0,985
1583,2017-05-04,2.6666666666666665,1493827200.0,985
1584,2017-05-05,3.0,1493913600.0,985
1585,2017-05-06,1.0,1494000000.0,985
1586,2017-05-07,227.0,1494086400.0,985
1587,2017-05-08,2.0,1494172800.0,985
1588,2017-05-09,3.0,1494259200.0,985
1589,2017-05-10,6.0,1494345600.0,985
1590,2017-05-11,3.6666666666666665,1494432000.0,985
1591,2017-05-12,3.3333333333333335,1494518400.0,985
1592,2017-05-13,62.0,1494604800.0,985
1593,2017-05-15,2.3333333333333335,1494777600.0,985
1594,2017-05-16,4.5,1494864000.0,985
1595,2017-05-17,2.0,1494950400.0,985
1596,2017-05-18,4.333333333333333,1495036800.0,985
1597,2017-05-19,3.5,1495123200.0,985
1598,2017-05-20,1.0,1495209600.0,985
1599,2017-05-22,2.0,1495382400.0,985
1600,2017-05-23,3.0,1495468800.0,985
1601,2017-05-24,4.0,1495555200.0,985
1602,2017-05-25,6.0,1495641600.0,985
1603,2017-05-26,3.5,1495728000.0,985
1604,2017-05-27,1.0,1495814400.0,985
1605,2017-05-28,1.0,1495900800.0,985
1606,2017-05-31,1.0,1496160000.0,985
1607,2017-06-01,1.0,1496246400.0,985
1608,2017-06-02,3.3333333333333335,1496332800.0,985
1609,2017-06-03,1.0,1496419200.0,985
1610,2017-06-04,1.0,1496505600.0,985
1611,2017-06-05,1.6666666666666667,1496592000.0,985
1612,2017-06-06,2.5,1496678400.0,985
1613,2017-06-07,1.0,1496764800.0,985
1614,2017-06-08,3.0,1496851200.0,985
1615,2017-06-09,1.0,1496937600.0,985
1616,2017-06-12,1.0,1497196800.0,985
1617,2017-06-13,1.0,1497283200.0,985
1618,2017-06-14,1.0,1497369600.0,985
1619,2017-06-15,1.0,1497456000.0,985
1620,2017-06-16,2.0,1497542400.0,985
1621,2017-06-19,2.0,1497801600.0,985
1622,2017-06-28,1.0,1498579200.0,985
1623,2017-06-29,1.0,1498665600.0,985
1624,2017-06-30,3.0,1498752000.0,985
1625,2017-08-30,4.0,1504022400.0,985
1626,2017-09-01,4.0,1504195200.0,985
1627,2017-09-03,1.0,1504368000.0,985
1628,2017-09-04,11.0,1504454400.0,985
1629,2017-09-05,30.0,1504540800.0,985
1630,2017-09-06,14.5,1504627200.0,985
1631,2017-09-07,23.666666666666668,1504713600.0,985
1632,2017-09-08,18.0,1504800000.0,985
1633,2017-09-09,4.666666666666667,1504886400.0,985
1634,2017-09-10,2.6666666666666665,1504972800.0,985
1635,2017-09-11,10.333333333333334,1505059200.0,985
1636,2017-09-12,25.0,1505145600.0,985
1637,2017-09-13,18.333333333333332,1505232000.0,985
1638,2017-09-14,22.666666666666668,1505318400.0,985
1639,2017-09-15,33.0,1505404800.0,985
1640,2017-09-16,8.0,1505491200.0,985
1641,2017-09-17,15.333333333333334,1505577600.0,985
1642,2017-09-18,32.0,1505664000.0,985
1643,2017-09-19,50.0,1505750400.0,985
1644,2017-09-20,40.0,1505836800.0,985
1645,2017-09-21,35.666666666666664,1505923200.0,985
1646,2017-09-22,41.0,1506009600.0,985
1647,2017-09-23,34.333333333333336,1506096000.0,985
1648,2017-09-24,26.333333333333332,1506182400.0,985
1649,2017-09-25,39.333333333333336,1506268800.0,985
1650,2017-09-26,34.0,1506355200.0,985
1651,2017-09-27,32.0,1506441600.0,985
1652,2017-09-28,26.0,1506528000.0,985
1653,2017-09-29,21.333333333333332,1506614400.0,985
1654,2017-09-30,7.5,1506700800.0,985
1655,2017-10-01,3.0,1506787200.0,985
1656,2017-10-09,19.333333333333332,1507478400.0,985
1657,2017-10-10,27.5,1507564800.0,985
1658,2017-10-11,40.75,1507651200.0,985
1659,2017-10-12,32.75,1507737600.0,985
1660,2017-10-13,31.0,1507824000.0,985
1661,2017-10-14,31.25,1507910400.0,985
1662,2017-10-15,20.0,1507996800.0,985
1663,2017-10-16,41.5,1508083200.0,985
1664,2017-10-17,38.75,1508169600.0,985
1665,2017-10-18,54.0,1508256000.0,985
1666,2017-10-19,47.0,1508342400.0,985
1667,2017-10-20,29.25,1508428800.0,985
1668,2017-10-21,45.75,1508515200.0,985
1669,2017-10-22,12.0,1508601600.0,985
1670,2017-10-23,40.0,1508688000.0,985
1671,2017-10-24,32.0,1508774400.0,985
1672,2017-10-25,39.25,1508860800.0,985
1673,2017-10-26,45.75,1508947200.0,985
1674,2017-10-27,29.5,1509033600.0,985
1675,2017-10-28,19.0,1509120000.0,985
1676,2017-10-29,23.25,1509206400.0,985
1677,2017-10-30,22.5,1509292800.0,985
1678,2017-10-31,56.75,1509379200.0,985
1679,2017-11-01,23.666666666666668,1509465600.0,985
1680,2017-11-02,23.0,1509552000.0,985
1681,2017-11-03,75.0,1509638400.0,985
1682,2017-11-04,9.5,1509724800.0,985
1683,2017-11-05,7.333333333333333,1509811200.0,985
1684,2017-11-06,20.666666666666668,1509897600.0,985
1685,2017-11-07,24.666666666666668,1509984000.0,985
1686,2017-11-08,32.666666666666664,1510070400.0,985
1687,2017-11-09,34.0,1510156800.0,985
1688,2017-11-10,32.5,1510243200.0,985
1689,2017-11-11,10.5,1510329600.0,985
1690,2017-11-12,150.0,1510416000.0,985
1691,2017-11-13,19.0,1510502400.0,985
1692,2017-11-14,16.75,1510588800.0,985
1693,2017-11-15,26.0,1510675200.0,985
1694,2017-11-16,27.5,1510761600.0,985
1695,2017-11-17,11.0,1510848000.0,985
1696,2017-11-18,9.666666666666666,1510934400.0,985
1697,2017-11-19,3.25,1511020800.0,985
1698,2017-11-20,9.75,1511107200.0,985
1699,2017-11-21,8.25,1511193600.0,985
1700,2017-11-22,8.5,1511280000.0,985
1701,2017-11-23,11.5,1511366400.0,985
1702,2017-11-24,10.333333333333334,1511452800.0,985
1703,2017-11-25,4.0,1511539200.0,985
1704,2017-11-26,2.0,1511625600.0,985
1705,2017-11-27,9.25,1511712000.0,985
1706,2017-11-28,8.75,1511798400.0,985
1707,2017-11-29,22.666666666666668,1511884800.0,985
1708,2017-11-30,11.0,1511971200.0,985
1709,2017-12-01,74.0,1512057600.0,985
1710,2017-12-02,4.0,1512144000.0,985
1711,2017-12-03,313.0,1512230400.0,985
1712,2017-12-04,40.5,1512316800.0,985
1713,2017-12-05,16.0,1512403200.0,985
1714,2017-12-06,5.666666666666667,1512489600.0,985
1715,2017-12-07,22.0,1512576000.0,985
1716,2017-12-08,6.0,1512662400.0,985
1717,2017-12-09,3.5,1512748800.0,985
1718,2017-12-10,93.0,1512835200.0,985
1719,2017-12-11,4.333333333333333,1512921600.0,985
1720,2017-12-12,4.0,1513008000.0,985
1721,2017-12-13,4.0,1513094400.0,985
1722,2017-12-14,3.0,1513180800.0,985
1723,2017-12-15,3.0,1513267200.0,985
1724,2017-12-16,1.0,1513353600.0,985
1725,2017-12-17,2.0,1513440000.0,985
1726,2017-12-18,2.75,1513526400.0,985
1727,2017-12-19,1.6666666666666667,1513612800.0,985
1728,2017-12-20,3.3333333333333335,1513699200.0,985
1729,2017-12-21,4.333333333333333,1513785600.0,985
1730,2017-12-22,2.3333333333333335,1513872000.0,985
1731,2017-12-23,1.5,1513958400.0,985
1732,2017-12-25,1.0,1514131200.0,985
1733,2017-12-26,1.5,1514217600.0,985
1734,2017-12-27,11.333333333333334,1514304000.0,985
1735,2017-12-28,1.0,1514390400.0,985
1736,2017-12-29,1.0,1514476800.0,985
1737,2017-12-30,2.0,1514563200.0,985
1738,2017-12-31,1.0,1514649600.0,985
1739,2018-01-03,1.0,1514908800.0,985
1740,2018-01-04,1.0,1514995200.0,985
1741,2018-01-05,1.0,1515081600.0,985
1742,2018-01-06,1.0,1515168000.0,985
1743,2018-01-10,1.0,1515513600.0,985
