,name,value,c9,985,211,top,basic
0,2013-01-04,0,0,1,1,1,1
1,2013-01-05,0,0,0,2,2,2
2,2013-01-06,0,0,2,3,3,3
3,2013-01-07,0,0,2,8,8,8
4,2013-01-08,0,1,7,8,8,10
5,2013-01-09,0,1,5,7,9,9
6,2013-01-10,0,0,4,7,7,7
7,2013-01-11,0,0,1,2,2,2
8,2013-01-14,0,0,3,3,6,6
9,2013-01-15,0,0,0,1,1,1
10,2013-01-16,0,0,0,3,3,3
11,2013-01-17,0,0,0,0,3,3
12,2013-01-18,0,0,1,2,4,4
13,2013-01-19,0,0,3,3,3,3
14,2013-01-21,0,0,4,4,4,4
15,2013-01-27,0,0,3,3,3,3
16,2013-01-28,0,0,1,1,1,1
17,2013-01-30,0,0,1,1,1,1
18,2013-02-03,0,0,1,1,1,1
19,2013-02-12,0,0,1,1,1,1
20,2013-02-17,0,0,1,1,1,1
21,2013-02-20,0,0,1,1,1,1
22,2013-02-21,0,0,5,5,5,5
23,2013-02-22,0,0,1,1,1,1
24,2013-02-23,0,0,1,1,1,1
25,2013-02-25,0,0,5,5,5,5
26,2013-02-26,0,0,6,6,6,6
27,2013-02-27,0,0,5,6,8,8
28,2013-02-28,0,0,1,1,2,3
29,2013-03-01,0,0,5,7,7,7
30,2013-03-02,0,0,0,1,1,1
31,2013-03-03,0,0,1,1,1,1
32,2013-03-04,0,1,11,16,23,24
33,2013-03-05,0,0,8,12,23,23
34,2013-03-06,0,1,7,16,22,25
35,2013-03-07,0,1,12,25,30,30
36,2013-03-08,0,1,7,15,19,20
37,2013-03-09,0,0,6,8,9,10
38,2013-03-10,0,0,3,3,4,4
39,2013-03-11,0,0,10,20,27,29
40,2013-03-12,0,1,14,25,31,33
41,2013-03-13,0,3,17,36,41,44
42,2013-03-14,0,3,18,37,43,43
43,2013-03-15,0,2,16,25,35,37
44,2013-03-16,0,0,4,7,8,8
45,2013-03-17,0,0,3,5,6,6
46,2013-03-18,0,2,12,25,34,34
47,2013-03-19,0,2,20,37,43,80
48,2013-03-20,0,0,12,28,36,56
49,2013-03-21,0,3,24,42,52,53
50,2013-03-22,0,288,295,305,314,315
51,2013-03-23,0,0,3,5,8,8
52,2013-03-24,0,0,3,7,10,10
53,2013-03-25,0,1,6,21,26,29
54,2013-03-26,0,1,7,19,30,30
55,2013-03-27,0,1,12,36,56,60
56,2013-03-28,0,2,11,29,37,38
57,2013-03-29,0,2,8,35,43,45
58,2013-03-30,0,0,12,14,15,16
59,2013-03-31,0,0,2,2,2,2
60,2013-04-01,0,0,9,28,33,34
61,2013-04-02,0,0,10,25,27,27
62,2013-04-03,0,0,9,19,20,21
63,2013-04-05,0,0,0,1,1,1
64,2013-04-07,0,0,1,4,7,9
65,2013-04-08,0,2,14,28,33,34
66,2013-04-09,0,1,14,33,40,40
67,2013-04-10,0,0,9,24,29,50
68,2013-04-11,0,0,6,21,26,31
69,2013-04-12,0,1,10,28,31,33
70,2013-04-13,0,0,20,21,23,24
71,2013-04-14,0,0,3,3,4,4
72,2013-04-15,0,2,9,26,28,29
73,2013-04-16,0,0,8,24,25,26
74,2013-04-17,0,2,13,32,39,45
75,2013-04-18,0,0,14,37,44,45
76,2013-04-19,0,2,7,17,21,21
77,2013-04-20,0,0,0,1,3,3
78,2013-04-21,0,0,1,1,1,1
79,2013-04-22,0,1,8,22,25,25
80,2013-04-23,0,2,23,30,33,33
81,2013-04-24,0,0,3,9,13,13
82,2013-04-25,0,1,3,94,100,101
83,2013-04-26,0,0,37,43,46,47
84,2013-04-27,0,1,5,9,10,10
85,2013-04-28,0,0,5,5,7,7
86,2013-05-02,0,1,2,3,3,3
87,2013-05-03,0,0,3,5,6,6
88,2013-05-04,0,0,2,2,3,3
89,2013-05-06,0,1,1,4,7,7
90,2013-05-07,0,1,4,11,13,14
91,2013-05-08,0,0,3,12,15,16
92,2013-05-09,0,0,10,15,20,21
93,2013-05-10,0,0,4,13,17,17
94,2013-05-12,0,0,0,0,1,1
95,2013-05-13,0,1,9,14,17,18
96,2013-05-14,0,0,5,10,15,15
97,2013-05-15,0,1,2,6,8,8
98,2013-05-16,0,0,5,6,8,10
99,2013-05-17,0,0,4,12,13,13
100,2013-05-18,0,0,1,1,2,2
101,2013-05-19,0,0,2,2,2,3
102,2013-05-20,0,1,3,5,7,7
103,2013-05-21,0,0,7,11,20,20
104,2013-05-22,0,1,4,6,6,7
105,2013-05-23,0,0,5,7,8,9
106,2013-05-24,0,0,4,6,7,9
107,2013-05-25,0,0,0,0,2,2
108,2013-05-27,0,1,3,6,11,11
109,2013-05-28,0,0,4,7,16,16
110,2013-05-29,0,0,2,5,6,7
111,2013-05-30,0,0,5,7,10,10
112,2013-05-31,0,0,5,8,12,12
113,2013-06-01,0,0,2,2,2,2
114,2013-06-02,0,0,1,1,1,1
115,2013-06-03,0,0,3,4,4,4
116,2013-06-04,0,0,3,6,6,6
117,2013-06-05,0,0,2,5,6,7
118,2013-06-06,0,0,1,4,5,5
119,2013-06-07,0,0,8,9,13,13
120,2013-06-08,0,0,1,1,5,5
121,2013-06-09,0,0,0,0,3,3
122,2013-06-12,0,0,1,1,1,1
123,2013-06-13,0,0,4,6,10,10
124,2013-06-14,0,0,4,6,8,78
125,2013-06-15,0,0,1,1,1,1
126,2013-06-16,0,0,0,1,1,1
127,2013-06-17,0,0,0,2,4,31
128,2013-06-18,0,0,2,3,7,7
129,2013-06-19,0,0,0,0,1,1
130,2013-06-20,0,0,1,2,2,2
131,2013-06-21,0,0,0,1,2,2
132,2013-06-27,0,0,1,1,2,2
133,2013-06-28,0,0,1,2,2,2
134,2013-06-29,0,0,0,0,0,1
135,2013-07-01,0,0,1,1,1,1
136,2013-07-02,0,0,1,1,1,1
137,2013-07-03,0,0,1,1,2,2
138,2013-07-04,0,0,1,1,1,1
139,2013-07-11,0,0,0,0,3,3
140,2013-07-20,0,0,1,1,1,1
141,2013-07-27,0,0,0,0,1,1
142,2013-08-19,0,0,1,1,1,1
143,2013-08-20,0,0,1,1,3,3
144,2013-08-23,0,0,1,1,1,1
145,2013-08-28,0,0,1,1,1,1
146,2013-08-30,0,0,1,1,1,1
147,2013-09-01,0,0,1,1,1,1
148,2013-09-03,0,0,1,2,2,2
149,2013-09-04,0,0,1,1,3,3
150,2013-09-05,0,0,4,4,5,5
151,2013-09-06,0,0,1,1,1,1
152,2013-09-07,0,0,1,1,1,1
153,2013-09-08,0,0,3,3,3,3
154,2013-09-09,0,0,1,1,2,2
155,2013-09-10,0,0,11,11,12,12
156,2013-09-11,0,0,13,14,16,16
157,2013-09-12,0,0,12,14,14,14
158,2013-09-13,0,0,12,12,17,17
159,2013-09-14,0,0,7,7,9,9
160,2013-09-15,0,0,6,6,6,6
161,2013-09-16,0,0,20,21,24,26
162,2013-09-17,0,1,15,16,22,23
163,2013-09-18,0,0,11,12,16,16
164,2013-09-19,0,0,0,3,3,3
165,2013-09-20,0,0,2,3,3,3
166,2013-09-22,0,1,30,30,30,30
167,2013-09-23,0,3,45,52,61,63
168,2013-09-24,0,2,42,50,53,53
169,2013-09-25,0,1,30,56,60,63
170,2013-09-26,0,1,46,65,74,74
171,2013-09-27,0,1,27,37,45,45
172,2013-09-28,0,0,12,16,20,20
173,2013-09-29,0,1,13,18,24,24
174,2013-09-30,0,0,6,7,8,8
175,2013-10-01,0,0,0,5,5,5
176,2013-10-02,0,0,0,8,8,8
177,2013-10-08,0,8,23,27,30,30
178,2013-10-09,0,5,41,55,71,76
179,2013-10-10,0,6,57,77,91,93
180,2013-10-11,0,4,46,63,79,81
181,2013-10-12,0,3,39,58,73,74
182,2013-10-13,0,1,17,26,32,32
183,2013-10-14,0,5,63,85,104,170
184,2013-10-15,0,6,78,103,126,131
185,2013-10-16,0,8,67,96,121,123
186,2013-10-17,0,9,66,95,114,117
187,2013-10-18,0,3,56,82,108,113
188,2013-10-19,0,0,21,33,35,35
189,2013-10-20,0,0,17,25,30,30
190,2013-10-21,0,6,63,91,111,116
191,2013-10-22,0,8,77,130,151,155
192,2013-10-23,0,8,80,127,153,156
193,2013-10-24,0,8,74,122,142,144
194,2013-10-25,0,4,49,91,107,149
195,2013-10-26,0,0,22,54,67,67
196,2013-10-27,0,0,18,21,24,24
197,2013-10-28,0,7,64,91,109,147
198,2013-10-29,0,6,60,88,114,122
199,2013-10-30,0,6,58,91,112,118
200,2013-10-31,0,7,40,73,84,86
201,2013-11-01,0,4,39,64,80,86
202,2013-11-02,0,0,14,30,40,40
203,2013-11-03,0,1,10,12,15,15
204,2013-11-04,0,5,50,69,88,93
205,2013-11-05,0,7,44,63,84,91
206,2013-11-06,0,6,41,65,84,163
207,2013-11-07,0,8,47,72,90,95
208,2013-11-08,0,8,41,58,78,85
209,2013-11-09,0,0,14,19,25,25
210,2013-11-10,0,0,13,17,22,22
211,2013-11-11,0,5,35,58,75,80
212,2013-11-12,0,10,55,80,101,127
213,2013-11-13,0,3,43,67,87,93
214,2013-11-14,0,8,43,60,77,87
215,2013-11-15,0,4,25,38,51,53
216,2013-11-16,0,0,15,25,37,37
217,2013-11-17,0,0,12,12,14,14
218,2013-11-18,0,4,42,54,69,104
219,2013-11-19,0,5,41,54,70,74
220,2013-11-20,0,2,36,56,75,83
221,2013-11-21,0,2,42,60,78,84
222,2013-11-22,0,4,35,47,60,65
223,2013-11-23,0,0,9,46,49,49
224,2013-11-24,0,0,9,10,13,14
225,2013-11-25,0,5,43,61,81,106
226,2013-11-26,0,4,37,57,96,107
227,2013-11-27,0,5,40,60,88,92
228,2013-11-28,0,4,35,57,70,74
229,2013-11-29,0,0,19,32,44,48
230,2013-11-30,0,0,17,29,31,33
231,2013-12-01,0,0,235,239,239,239
232,2013-12-02,0,3,16,28,33,38
233,2013-12-03,0,2,19,33,43,47
234,2013-12-04,0,2,20,34,42,44
235,2013-12-05,0,2,19,30,42,45
236,2013-12-06,0,4,14,24,34,51
237,2013-12-07,0,0,5,13,17,17
238,2013-12-08,0,0,6,8,9,9
239,2013-12-09,0,5,20,24,27,29
240,2013-12-10,0,6,18,34,46,48
241,2013-12-11,0,0,12,26,32,50
242,2013-12-12,0,56,69,79,88,90
243,2013-12-13,0,2,12,19,23,25
244,2013-12-14,0,0,10,15,15,15
245,2013-12-15,0,0,5,7,9,9
246,2013-12-16,0,0,13,25,35,39
247,2013-12-17,0,1,15,29,31,49
248,2013-12-18,0,4,20,32,36,40
249,2013-12-19,0,2,12,21,21,23
250,2013-12-20,0,0,15,25,28,28
251,2013-12-21,0,0,5,8,8,8
252,2013-12-22,0,0,1,2,2,2
253,2013-12-23,0,0,10,15,20,22
254,2013-12-24,0,1,5,11,17,17
255,2013-12-25,0,0,3,8,9,9
256,2013-12-26,0,1,6,11,13,13
257,2013-12-27,0,0,7,15,25,26
258,2013-12-28,0,0,5,7,7,7
259,2013-12-29,0,0,2,2,2,2
260,2013-12-30,0,0,6,9,11,11
261,2013-12-31,0,1,3,3,7,7
262,2014-01-01,0,0,3,3,3,3
263,2014-01-02,0,0,2,2,2,2
264,2014-01-03,0,0,1,1,4,5
265,2014-01-04,0,1,5,5,5,5
266,2014-01-05,0,0,1,1,1,1
267,2014-01-06,0,0,1,2,2,2
268,2014-01-07,0,0,1,1,2,2
269,2014-01-08,0,1,5,5,7,7
270,2014-01-09,0,0,2,3,4,4
271,2014-01-10,0,0,2,2,2,2
272,2014-01-11,0,0,2,2,2,2
273,2014-01-12,0,0,1,1,1,1
274,2014-01-14,0,0,7,7,7,7
275,2014-01-15,0,0,2,2,2,2
276,2014-01-16,0,0,1,1,1,1
277,2014-01-17,0,1,2,2,2,2
278,2014-01-18,0,1,1,1,1,1
279,2014-02-18,0,0,14,14,14,14
280,2014-02-19,0,0,5,5,6,6
281,2014-02-20,0,0,1,2,2,2
282,2014-02-21,0,0,2,2,4,4
283,2014-02-23,0,0,1,1,1,1
284,2014-02-24,0,0,10,10,21,21
285,2014-02-25,0,0,4,7,10,10
286,2014-02-26,0,0,8,10,12,13
287,2014-02-27,0,1,4,8,22,22
288,2014-02-28,0,0,2,5,14,14
289,2014-03-01,0,0,1,2,2,2
290,2014-03-03,0,0,14,18,20,20
291,2014-03-04,0,0,16,40,44,44
292,2014-03-05,0,0,17,25,30,35
293,2014-03-06,0,4,23,30,38,39
294,2014-03-07,0,0,16,22,29,31
295,2014-03-08,0,0,3,9,15,15
296,2014-03-09,0,0,7,9,11,12
297,2014-03-10,0,1,24,34,52,54
298,2014-03-11,0,0,33,71,84,87
299,2014-03-12,0,1,26,37,53,55
300,2014-03-13,0,3,20,36,44,47
301,2014-03-14,0,2,23,25,34,38
302,2014-03-15,0,0,5,9,12,12
303,2014-03-16,0,0,7,8,8,8
304,2014-03-17,0,5,25,35,44,48
305,2014-03-18,0,2,24,70,79,82
306,2014-03-19,0,230,256,266,278,281
307,2014-03-20,0,5,19,62,69,99
308,2014-03-21,0,4,19,28,35,137
309,2014-03-22,0,0,1,4,6,6
310,2014-03-23,0,0,6,8,11,11
311,2014-03-24,0,1,19,27,34,41
312,2014-03-25,0,3,22,51,58,61
313,2014-03-26,0,7,27,31,74,81
314,2014-03-27,0,4,27,31,39,42
315,2014-03-28,0,1,15,46,54,56
316,2014-03-29,0,0,94,96,99,99
317,2014-03-30,0,0,9,9,10,10
318,2014-03-31,0,2,9,14,15,17
319,2014-04-01,0,3,19,50,61,64
320,2014-04-02,0,2,17,27,32,33
321,2014-04-03,0,1,9,13,16,19
322,2014-04-04,0,1,6,8,16,18
323,2014-04-05,0,0,1,1,1,1
324,2014-04-07,0,0,1,1,1,1
325,2014-04-08,0,2,10,12,14,17
326,2014-04-09,0,1,14,18,22,24
327,2014-04-10,0,2,17,23,28,31
328,2014-04-11,0,1,14,110,115,118
329,2014-04-12,0,0,3,5,7,8
330,2014-04-13,0,0,1,1,4,4
331,2014-04-14,0,2,7,12,13,14
332,2014-04-15,0,5,18,62,62,65
333,2014-04-16,0,3,18,23,28,31
334,2014-04-17,0,3,16,37,57,60
335,2014-04-18,0,0,11,12,17,19
336,2014-04-19,0,0,3,3,4,4
337,2014-04-20,0,0,2,2,3,3
338,2014-04-21,0,1,14,17,19,22
339,2014-04-22,0,1,9,38,42,46
340,2014-04-23,0,1,14,19,30,32
341,2014-04-24,0,3,13,16,24,27
342,2014-04-25,0,1,10,11,11,17
343,2014-04-26,0,0,1,3,3,3
344,2014-04-28,0,2,8,12,13,13
345,2014-04-29,0,1,7,29,31,34
346,2014-04-30,0,1,4,5,5,6
347,2014-05-03,0,0,1,1,1,1
348,2014-05-04,0,1,3,3,4,4
349,2014-05-05,0,2,5,7,15,15
350,2014-05-06,0,2,11,11,15,18
351,2014-05-07,0,1,7,11,13,15
352,2014-05-08,0,1,11,14,18,20
353,2014-05-09,0,0,17,47,51,54
354,2014-05-10,0,0,0,0,2,3
355,2014-05-11,0,0,2,3,3,3
356,2014-05-12,0,3,11,13,15,16
357,2014-05-13,0,1,13,31,33,34
358,2014-05-14,0,2,9,10,15,16
359,2014-05-15,0,2,9,12,18,20
360,2014-05-16,0,1,9,12,17,19
361,2014-05-17,0,0,2,4,6,6
362,2014-05-18,0,0,2,2,3,3
363,2014-05-19,0,1,7,25,29,30
364,2014-05-20,0,2,9,11,16,17
365,2014-05-21,0,1,9,10,13,14
366,2014-05-22,0,1,8,34,37,38
367,2014-05-23,0,1,6,7,15,16
368,2014-05-24,0,0,2,2,5,5
369,2014-05-25,0,0,0,0,3,3
370,2014-05-26,0,0,5,6,12,12
371,2014-05-27,0,1,6,6,8,9
372,2014-05-28,0,0,8,26,29,31
373,2014-05-29,0,1,9,9,10,13
374,2014-05-30,0,0,2,3,6,6
375,2014-06-03,0,0,5,5,6,6
376,2014-06-04,0,0,6,6,7,7
377,2014-06-05,0,1,6,7,8,11
378,2014-06-06,0,2,4,4,4,4
379,2014-06-07,0,0,4,4,5,5
380,2014-06-08,0,0,2,2,2,2
381,2014-06-09,0,0,4,7,8,8
382,2014-06-10,0,0,9,24,24,24
383,2014-06-11,0,0,5,5,7,8
384,2014-06-12,0,1,5,6,12,13
385,2014-06-13,0,1,9,9,10,11
386,2014-06-14,0,1,2,2,2,2
387,2014-06-16,0,1,8,8,10,10
388,2014-06-17,0,0,4,4,6,6
389,2014-06-18,0,0,1,1,2,2
390,2014-06-19,0,0,3,4,4,5
391,2014-06-20,0,0,3,3,5,5
392,2014-06-22,0,0,1,1,1,1
393,2014-06-23,0,0,2,3,3,5
394,2014-06-24,0,0,0,0,3,4
395,2014-06-25,0,1,2,2,4,4
396,2014-06-26,0,0,2,2,2,3
397,2014-06-27,0,0,1,1,2,3
398,2014-06-28,0,0,0,0,1,1
399,2014-06-30,0,0,0,0,1,1
400,2014-07-01,0,0,2,2,5,6
401,2014-07-02,0,0,2,2,5,5
402,2014-07-04,0,0,4,4,5,5
403,2014-07-08,0,0,0,0,1,2
404,2014-07-10,0,0,1,1,1,1
405,2014-07-14,0,0,0,0,0,1
406,2014-07-17,0,0,1,1,1,1
407,2014-07-20,0,0,1,1,1,1
408,2014-08-04,0,0,1,1,1,1
409,2014-08-06,0,0,1,1,1,1
410,2014-08-19,0,0,1,1,1,1
411,2014-08-21,0,0,1,1,1,1
412,2014-08-26,0,0,1,1,1,1
413,2014-08-27,0,0,0,0,1,1
414,2014-08-28,0,0,0,0,1,1
415,2014-09-01,0,0,2,3,3,3
416,2014-09-02,0,0,1,3,3,3
417,2014-09-03,0,0,1,2,2,2
418,2014-09-04,0,0,3,3,6,6
419,2014-09-05,0,0,4,4,5,5
420,2014-09-09,0,0,9,11,11,11
421,2014-09-10,0,0,14,15,15,15
422,2014-09-11,0,0,12,13,18,19
423,2014-09-12,0,0,21,21,27,27
424,2014-09-13,0,0,8,8,9,9
425,2014-09-14,0,0,3,3,3,3
426,2014-09-15,0,0,19,20,23,24
427,2014-09-16,0,0,24,35,37,38
428,2014-09-17,0,1,31,41,44,44
429,2014-09-18,0,0,32,39,51,52
430,2014-09-19,0,0,20,28,36,36
431,2014-09-20,0,0,19,21,24,24
432,2014-09-21,0,0,16,19,21,21
433,2014-09-22,0,2,50,70,77,77
434,2014-09-23,0,7,59,87,99,100
435,2014-09-24,0,11,62,82,92,92
436,2014-09-25,0,12,59,80,92,94
437,2014-09-26,0,5,51,73,80,80
438,2014-09-27,0,1,20,26,27,27
439,2014-09-28,0,4,20,27,34,35
440,2014-09-29,0,2,35,42,48,49
441,2014-09-30,0,0,55,57,61,61
442,2014-10-01,0,0,2,8,8,8
443,2014-10-02,0,0,0,12,12,12
444,2014-10-03,0,0,0,5,5,5
445,2014-10-06,0,0,56,56,56,56
446,2014-10-07,0,0,2,2,2,2
447,2014-10-08,0,12,47,52,65,65
448,2014-10-09,0,21,85,103,130,130
449,2014-10-10,0,21,97,118,146,147
450,2014-10-11,0,12,66,86,104,104
451,2014-10-12,0,4,56,69,75,75
452,2014-10-13,0,38,127,158,186,191
453,2014-10-14,0,42,149,206,233,243
454,2014-10-15,0,46,123,177,212,214
455,2014-10-16,0,42,168,229,273,278
456,2014-10-17,0,32,132,184,226,232
457,2014-10-18,0,11,53,113,135,138
458,2014-10-19,0,8,36,56,71,71
459,2014-10-20,0,44,144,182,227,230
460,2014-10-21,0,52,162,218,259,273
461,2014-10-22,0,43,131,173,211,224
462,2014-10-23,0,43,150,189,227,235
463,2014-10-24,0,28,134,160,206,213
464,2014-10-25,0,10,45,62,75,77
465,2014-10-26,0,5,27,38,46,47
466,2014-10-27,0,35,111,149,189,194
467,2014-10-28,0,39,118,158,193,200
468,2014-10-29,0,35,119,163,188,195
469,2014-10-30,0,38,120,156,192,197
470,2014-10-31,0,34,101,126,159,167
471,2014-11-01,0,9,31,47,56,56
472,2014-11-02,0,8,40,57,62,62
473,2014-11-03,0,33,106,126,154,162
474,2014-11-04,0,37,112,137,170,177
475,2014-11-05,0,41,134,171,198,204
476,2014-11-06,0,37,113,131,166,170
477,2014-11-07,0,20,71,90,126,132
478,2014-11-08,0,4,28,38,51,51
479,2014-11-09,0,0,14,21,28,28
480,2014-11-10,0,23,78,102,131,135
481,2014-11-11,0,20,72,98,118,125
482,2014-11-12,0,28,82,112,133,141
483,2014-11-13,0,29,95,120,148,154
484,2014-11-14,0,21,77,91,121,128
485,2014-11-15,0,5,26,33,39,42
486,2014-11-16,0,6,17,23,32,32
487,2014-11-17,0,19,48,63,77,82
488,2014-11-18,0,31,84,102,122,127
489,2014-11-19,0,29,67,88,107,111
490,2014-11-20,0,18,56,83,104,109
491,2014-11-21,0,14,55,59,73,79
492,2014-11-22,0,2,14,23,25,35
493,2014-11-23,0,1,11,13,14,14
494,2014-11-24,0,21,68,81,94,100
495,2014-11-25,0,20,72,86,102,107
496,2014-11-26,0,16,59,103,118,122
497,2014-11-27,0,14,60,75,138,146
498,2014-11-28,0,12,42,48,54,60
499,2014-11-29,0,3,17,25,28,29
500,2014-11-30,0,3,311,317,317,317
501,2014-12-01,0,7,24,36,38,41
502,2014-12-02,0,10,28,42,54,56
503,2014-12-03,0,13,30,43,51,56
504,2014-12-04,0,10,51,64,76,82
505,2014-12-05,0,12,32,51,68,74
506,2014-12-06,0,0,5,8,14,16
507,2014-12-07,0,0,6,7,7,7
508,2014-12-08,0,3,18,28,32,34
509,2014-12-09,0,8,31,46,52,54
510,2014-12-10,0,8,28,38,48,49
511,2014-12-11,0,7,29,43,52,56
512,2014-12-12,0,8,32,42,55,57
513,2014-12-13,0,0,4,54,56,57
514,2014-12-14,0,1,5,7,8,9
515,2014-12-15,0,64,80,88,94,98
516,2014-12-16,0,7,22,28,39,44
517,2014-12-17,0,7,16,25,38,39
518,2014-12-18,0,5,24,31,39,41
519,2014-12-19,0,63,75,80,88,92
520,2014-12-20,0,1,7,10,10,10
521,2014-12-21,0,0,1,4,4,4
522,2014-12-22,0,4,20,27,31,34
523,2014-12-23,0,3,11,21,29,31
524,2014-12-24,0,0,9,15,17,19
525,2014-12-25,0,2,8,18,19,21
526,2014-12-26,0,0,6,8,19,20
527,2014-12-27,0,2,5,7,9,9
528,2014-12-29,0,0,5,6,7,7
529,2014-12-30,0,0,5,6,10,10
530,2014-12-31,0,0,3,3,8,8
531,2015-01-01,0,0,2,2,2,2
532,2015-01-04,0,0,3,5,5,5
533,2015-01-05,0,0,9,11,14,14
534,2015-01-06,0,1,7,14,21,22
535,2015-01-07,0,3,6,10,11,12
536,2015-01-08,0,0,7,10,16,16
537,2015-01-09,0,0,10,12,15,15
538,2015-01-10,0,1,3,3,5,5
539,2015-01-11,0,0,2,2,2,2
540,2015-01-12,0,0,5,7,7,8
541,2015-01-13,0,1,5,10,10,11
542,2015-01-14,0,0,3,4,4,4
543,2015-01-15,0,0,0,1,1,1
544,2015-01-16,0,0,2,2,3,4
545,2015-01-19,0,0,2,2,2,2
546,2015-01-20,0,0,2,2,6,6
547,2015-01-21,0,0,2,2,2,2
548,2015-01-22,0,0,2,2,3,3
549,2015-01-23,0,0,3,3,3,3
550,2015-01-26,0,0,1,1,1,1
551,2015-01-27,0,0,1,1,11,11
552,2015-01-29,0,0,1,1,1,1
553,2015-02-05,0,0,0,0,3,3
554,2015-02-23,0,0,6,6,6,6
555,2015-02-24,0,0,0,0,1,1
556,2015-02-27,0,0,1,1,1,1
557,2015-02-28,0,0,2,2,2,2
558,2015-03-01,0,0,1,2,2,2
559,2015-03-02,0,0,4,5,5,5
560,2015-03-03,0,0,8,9,9,9
561,2015-03-04,0,0,12,12,20,20
562,2015-03-05,0,2,14,14,22,22
563,2015-03-06,0,1,13,14,17,17
564,2015-03-07,0,0,0,3,5,6
565,2015-03-08,0,3,5,7,7,7
566,2015-03-09,0,6,26,46,49,50
567,2015-03-10,0,5,15,20,33,34
568,2015-03-11,0,1,19,32,41,42
569,2015-03-12,0,6,27,31,39,39
570,2015-03-13,0,3,28,33,49,49
571,2015-03-14,0,0,9,13,23,25
572,2015-03-15,0,1,9,14,19,19
573,2015-03-16,0,6,43,60,70,73
574,2015-03-17,0,6,63,97,112,118
575,2015-03-18,0,9,58,72,84,84
576,2015-03-19,0,245,287,298,320,323
577,2015-03-20,0,7,37,44,64,67
578,2015-03-21,0,0,11,15,21,22
579,2015-03-22,0,1,10,15,23,23
580,2015-03-23,0,10,44,60,71,76
581,2015-03-24,0,17,42,51,71,76
582,2015-03-25,0,13,41,75,130,132
583,2015-03-26,0,19,62,71,84,89
584,2015-03-27,0,1,28,62,74,78
585,2015-03-28,0,1,9,13,20,21
586,2015-03-29,0,0,8,10,11,11
587,2015-03-30,0,5,39,52,73,75
588,2015-03-31,0,7,26,62,78,82
589,2015-04-01,0,4,32,77,88,91
590,2015-04-02,0,9,32,58,67,69
591,2015-04-03,0,1,14,44,55,57
592,2015-04-05,0,0,0,1,2,2
593,2015-04-06,0,0,0,2,2,2
594,2015-04-07,0,6,20,59,70,73
595,2015-04-08,0,5,20,65,73,75
596,2015-04-09,0,7,33,60,74,76
597,2015-04-10,0,4,23,66,89,94
598,2015-04-11,0,1,6,6,11,11
599,2015-04-12,0,0,3,4,6,6
600,2015-04-13,0,5,30,61,70,74
601,2015-04-14,0,10,24,47,57,60
602,2015-04-15,0,9,33,96,106,108
603,2015-04-16,0,17,41,67,80,84
604,2015-04-17,0,4,21,30,41,43
605,2015-04-18,0,6,10,11,18,18
606,2015-04-19,0,1,3,3,5,5
607,2015-04-20,0,2,25,55,65,68
608,2015-04-21,0,5,22,45,57,57
609,2015-04-22,0,7,19,56,64,66
610,2015-04-23,0,7,17,44,56,58
611,2015-04-24,0,4,20,45,50,53
612,2015-04-25,0,1,4,4,6,6
613,2015-04-26,0,0,2,2,4,4
614,2015-04-27,0,3,16,57,58,60
615,2015-04-28,0,6,17,34,43,46
616,2015-04-29,0,2,12,50,52,54
617,2015-04-30,0,0,2,24,24,24
618,2015-05-04,0,1,4,21,22,23
619,2015-05-05,0,4,16,47,52,53
620,2015-05-06,0,7,19,63,89,92
621,2015-05-07,0,7,17,40,44,45
622,2015-05-08,0,1,8,16,18,20
623,2015-05-09,0,1,1,1,1,1
624,2015-05-10,0,1,7,9,10,10
625,2015-05-11,0,1,7,26,29,30
626,2015-05-12,0,6,10,26,31,32
627,2015-05-13,0,4,11,40,54,54
628,2015-05-14,0,4,12,29,36,36
629,2015-05-15,0,3,12,22,31,33
630,2015-05-16,0,0,4,5,5,5
631,2015-05-17,0,0,2,2,3,3
632,2015-05-18,0,3,11,22,23,24
633,2015-05-19,0,1,10,30,34,36
634,2015-05-20,0,3,10,92,100,101
635,2015-05-21,0,4,14,31,36,38
636,2015-05-22,0,2,11,71,80,82
637,2015-05-23,0,1,4,5,6,6
638,2015-05-24,0,0,2,3,4,5
639,2015-05-25,0,2,7,31,35,36
640,2015-05-26,0,1,12,25,29,30
641,2015-05-27,0,0,2,19,31,32
642,2015-05-28,0,4,7,21,25,26
643,2015-05-29,0,1,8,23,36,37
644,2015-05-30,0,1,1,1,2,2
645,2015-05-31,0,1,1,1,1,1
646,2015-06-01,0,1,7,28,33,34
647,2015-06-02,0,1,3,18,24,24
648,2015-06-03,0,2,6,79,85,85
649,2015-06-04,0,2,6,21,22,22
650,2015-06-05,0,0,4,17,20,20
651,2015-06-06,0,0,3,3,3,3
652,2015-06-07,0,0,0,2,2,2
653,2015-06-08,0,0,2,17,18,19
654,2015-06-09,0,0,4,12,18,20
655,2015-06-10,0,0,7,23,26,28
656,2015-06-11,0,1,4,17,19,19
657,2015-06-12,0,0,0,3,7,7
658,2015-06-13,0,0,1,1,1,1
659,2015-06-14,0,0,1,1,2,2
660,2015-06-15,0,1,2,4,5,6
661,2015-06-16,0,0,4,7,8,8
662,2015-06-17,0,0,4,18,18,19
663,2015-06-18,0,0,2,12,13,13
664,2015-06-19,0,0,0,9,15,15
665,2015-06-21,0,0,1,1,1,1
666,2015-06-22,0,0,0,2,2,2
667,2015-06-23,0,0,3,3,3,3
668,2015-06-24,0,0,4,4,4,5
669,2015-06-25,0,0,1,1,1,2
670,2015-06-26,0,0,1,1,1,1
671,2015-06-29,0,1,1,1,2,3
672,2015-06-30,0,0,2,3,3,3
673,2015-07-01,0,0,2,24,24,24
674,2015-07-02,0,1,1,8,10,10
675,2015-07-03,0,0,2,4,4,5
676,2015-07-06,0,0,0,1,1,2
677,2015-07-07,0,0,0,5,6,6
678,2015-07-08,0,0,0,1,1,1
679,2015-07-09,0,0,0,0,0,1
680,2015-07-10,0,1,1,1,1,1
681,2015-07-14,0,0,0,0,1,1
682,2015-07-17,0,0,0,1,1,1
683,2015-07-20,0,0,0,0,4,4
684,2015-07-24,0,0,0,2,2,2
685,2015-08-26,0,0,1,1,1,1
686,2015-08-27,0,0,0,1,1,1
687,2015-09-02,0,0,0,0,1,1
688,2015-09-04,0,0,0,1,1,1
689,2015-09-06,0,1,14,14,14,14
690,2015-09-07,0,0,26,33,46,46
691,2015-09-08,0,3,29,31,34,35
692,2015-09-09,0,1,32,55,62,62
693,2015-09-10,0,4,59,72,76,76
694,2015-09-11,0,1,40,45,52,54
695,2015-09-12,0,1,4,5,5,5
696,2015-09-13,0,1,5,5,5,5
697,2015-09-14,0,8,55,66,73,73
698,2015-09-15,0,6,55,67,75,75
699,2015-09-16,0,9,63,74,80,80
700,2015-09-17,0,14,96,112,127,130
701,2015-09-18,0,7,67,80,101,103
702,2015-09-19,0,1,31,41,44,44
703,2015-09-20,0,3,29,38,40,40
704,2015-09-21,0,25,135,175,182,188
705,2015-09-22,0,19,130,173,191,194
706,2015-09-23,0,23,119,155,177,180
707,2015-09-24,0,26,121,153,170,174
708,2015-09-25,0,16,93,110,124,124
709,2015-09-26,0,0,6,38,39,39
710,2015-09-27,0,1,2,13,14,14
711,2015-09-28,0,13,80,113,118,121
712,2015-09-29,0,7,61,137,144,145
713,2015-09-30,0,0,34,45,53,56
714,2015-10-01,0,0,0,5,5,5
715,2015-10-02,0,0,0,15,15,15
716,2015-10-03,0,0,2,5,5,5
717,2015-10-04,0,0,0,1,1,1
718,2015-10-05,0,0,2,2,2,2
719,2015-10-07,0,0,1,1,1,1
720,2015-10-08,0,15,96,114,127,127
721,2015-10-09,0,35,159,222,239,241
722,2015-10-10,0,25,124,160,179,182
723,2015-10-11,0,6,79,99,109,109
724,2015-10-12,0,51,198,256,281,284
725,2015-10-13,0,46,206,311,351,355
726,2015-10-14,0,51,230,330,382,393
727,2015-10-15,0,61,252,332,369,380
728,2015-10-16,0,42,210,284,322,330
729,2015-10-17,0,7,87,119,133,133
730,2015-10-18,0,6,84,104,115,115
731,2015-10-19,0,48,340,413,437,443
732,2015-10-20,0,50,318,392,431,438
733,2015-10-21,0,45,233,326,368,377
734,2015-10-22,0,43,199,300,334,344
735,2015-10-23,0,36,191,272,293,306
736,2015-10-24,0,3,96,122,148,148
737,2015-10-25,0,4,76,96,106,107
738,2015-10-26,0,37,181,257,293,300
739,2015-10-27,0,48,234,337,369,378
740,2015-10-28,0,54,222,302,350,353
741,2015-10-29,0,33,196,275,310,318
742,2015-10-30,0,26,143,213,241,245
743,2015-10-31,0,3,61,74,82,83
744,2015-11-01,0,0,46,77,81,81
745,2015-11-02,0,41,156,216,247,251
746,2015-11-03,0,33,151,271,313,318
747,2015-11-04,0,27,152,269,300,304
748,2015-11-05,0,34,170,235,274,282
749,2015-11-06,0,30,131,181,210,218
750,2015-11-07,0,1,40,56,72,72
751,2015-11-08,0,1,40,49,57,57
752,2015-11-09,0,24,122,181,214,217
753,2015-11-10,0,27,141,223,246,255
754,2015-11-11,0,28,124,199,232,236
755,2015-11-12,0,37,164,214,237,248
756,2015-11-13,0,15,102,143,169,172
757,2015-11-14,0,0,32,49,59,60
758,2015-11-15,0,2,39,53,57,59
759,2015-11-16,0,25,118,197,217,224
760,2015-11-17,0,28,118,199,220,226
761,2015-11-18,0,29,117,193,213,219
762,2015-11-19,0,22,106,151,167,172
763,2015-11-20,0,13,89,119,139,147
764,2015-11-21,0,5,36,55,59,61
765,2015-11-22,0,0,19,28,34,34
766,2015-11-23,0,12,98,153,171,176
767,2015-11-24,0,19,77,142,213,220
768,2015-11-25,0,22,93,139,183,188
769,2015-11-26,0,20,103,164,186,192
770,2015-11-27,0,9,69,106,120,125
771,2015-11-28,0,0,25,36,40,45
772,2015-11-29,0,0,311,315,318,318
773,2015-11-30,0,6,42,73,82,85
774,2015-12-01,0,10,51,123,135,137
775,2015-12-02,0,6,43,93,107,114
776,2015-12-03,0,13,65,109,132,136
777,2015-12-04,0,6,38,54,63,66
778,2015-12-05,0,4,12,24,34,34
779,2015-12-06,0,2,3,9,10,11
780,2015-12-07,0,7,37,55,69,70
781,2015-12-08,0,9,39,86,99,102
782,2015-12-09,0,6,41,61,70,73
783,2015-12-10,0,11,55,85,91,94
784,2015-12-11,0,3,41,78,91,94
785,2015-12-12,0,3,9,19,21,22
786,2015-12-13,0,2,13,15,18,18
787,2015-12-14,0,7,34,48,58,59
788,2015-12-15,0,12,43,81,91,94
789,2015-12-16,0,7,37,57,69,73
790,2015-12-17,0,3,36,74,89,91
791,2015-12-18,0,62,89,108,112,116
792,2015-12-19,0,0,6,15,16,16
793,2015-12-20,0,2,11,14,14,14
794,2015-12-21,0,5,29,43,49,49
795,2015-12-22,0,51,65,93,97,98
796,2015-12-23,0,3,25,37,47,48
797,2015-12-24,0,2,15,23,27,27
798,2015-12-25,0,1,11,14,17,18
799,2015-12-26,0,0,2,28,28,28
800,2015-12-27,0,0,2,2,2,2
801,2015-12-28,0,1,14,22,30,30
802,2015-12-29,0,1,15,25,30,30
803,2015-12-30,0,2,7,10,21,22
804,2015-12-31,0,0,2,3,4,5
805,2016-01-01,0,0,2,2,2,2
806,2016-01-03,0,0,1,1,3,3
807,2016-01-04,0,0,2,2,5,5
808,2016-01-05,0,0,5,5,10,10
809,2016-01-06,0,0,6,7,8,8
810,2016-01-07,0,0,9,15,15,15
811,2016-01-08,0,1,14,21,23,24
812,2016-01-09,0,0,3,3,3,3
813,2016-01-10,0,0,1,1,1,1
814,2016-01-11,0,0,8,10,10,10
815,2016-01-12,0,0,2,3,5,5
816,2016-01-13,0,0,2,8,12,12
817,2016-01-14,0,1,5,7,8,8
818,2016-01-15,0,0,2,2,2,2
819,2016-01-16,0,0,0,0,0,1
820,2016-01-18,0,0,1,5,6,6
821,2016-01-19,0,0,0,0,3,3
822,2016-01-20,0,0,2,2,2,2
823,2016-01-21,0,0,0,6,10,10
824,2016-01-22,0,0,1,2,5,5
825,2016-01-25,0,0,1,1,3,3
826,2016-01-26,0,0,2,6,6,6
827,2016-01-27,0,0,0,0,1,1
828,2016-01-29,0,0,0,2,2,2
829,2016-02-01,0,0,0,0,0,1
830,2016-02-03,0,0,1,1,1,1
831,2016-02-16,0,0,0,2,2,2
832,2016-02-18,0,0,1,1,1,1
833,2016-02-22,0,0,3,3,3,3
834,2016-02-23,0,0,2,2,3,3
835,2016-02-24,0,0,5,5,14,15
836,2016-02-25,0,0,7,7,7,8
837,2016-02-26,0,1,9,9,11,11
838,2016-02-27,0,35,37,38,38,38
839,2016-02-28,0,0,1,4,4,4
840,2016-02-29,0,0,16,17,31,31
841,2016-03-01,0,1,22,30,33,33
842,2016-03-02,0,1,27,55,70,70
843,2016-03-03,0,3,38,84,101,101
844,2016-03-04,0,10,36,55,65,67
845,2016-03-05,0,1,10,11,13,13
846,2016-03-06,0,1,8,13,15,15
847,2016-03-07,0,45,85,105,115,118
848,2016-03-08,0,6,72,144,158,160
849,2016-03-09,0,6,80,139,153,155
850,2016-03-10,0,9,85,174,204,206
851,2016-03-11,0,9,73,128,156,157
852,2016-03-12,0,2,30,37,42,43
853,2016-03-13,0,3,27,38,42,42
854,2016-03-14,0,12,103,135,148,149
855,2016-03-15,0,11,99,152,178,181
856,2016-03-16,0,14,91,136,160,161
857,2016-03-17,0,228,313,376,393,398
858,2016-03-18,0,11,96,132,149,151
859,2016-03-19,0,2,22,26,34,36
860,2016-03-20,0,1,17,27,32,32
861,2016-03-21,0,11,86,116,133,136
862,2016-03-22,0,12,93,141,152,154
863,2016-03-23,0,17,96,125,147,149
864,2016-03-24,0,19,106,148,165,168
865,2016-03-25,0,9,87,115,134,139
866,2016-03-26,0,1,19,25,32,33
867,2016-03-27,0,0,11,14,15,15
868,2016-03-28,0,8,63,96,108,112
869,2016-03-29,0,10,63,113,136,139
870,2016-03-30,0,10,71,107,122,124
871,2016-03-31,0,7,64,90,102,105
872,2016-04-01,0,0,24,31,41,42
873,2016-04-02,0,0,1,1,1,1
874,2016-04-03,0,0,1,1,1,1
875,2016-04-04,0,0,3,3,3,3
876,2016-04-05,0,3,22,33,41,43
877,2016-04-06,0,9,57,83,164,166
878,2016-04-07,0,8,49,140,150,153
879,2016-04-08,0,6,47,67,74,77
880,2016-04-09,0,2,13,18,22,22
881,2016-04-10,0,0,8,14,14,14
882,2016-04-11,0,4,51,68,77,78
883,2016-04-12,0,7,45,77,89,89
884,2016-04-13,0,7,37,53,65,66
885,2016-04-14,0,9,54,72,92,94
886,2016-04-15,0,5,40,58,62,66
887,2016-04-16,0,0,9,11,18,18
888,2016-04-17,0,2,10,13,14,14
889,2016-04-18,0,4,36,50,57,58
890,2016-04-19,0,6,33,64,69,70
891,2016-04-20,0,5,33,50,64,67
892,2016-04-21,0,7,39,56,66,69
893,2016-04-22,0,2,25,35,42,46
894,2016-04-23,0,1,8,14,14,15
895,2016-04-24,0,1,7,9,10,11
896,2016-04-25,0,4,23,47,51,54
897,2016-04-26,0,7,34,71,82,87
898,2016-04-27,0,9,28,42,51,51
899,2016-04-28,0,3,16,40,45,46
900,2016-04-29,0,1,14,19,31,31
901,2016-05-01,0,0,0,2,2,2
902,2016-05-03,0,1,4,10,17,17
903,2016-05-04,0,3,12,19,25,26
904,2016-05-05,0,2,18,42,46,48
905,2016-05-06,0,1,15,21,31,32
906,2016-05-07,0,0,4,7,7,7
907,2016-05-08,0,0,2,3,5,5
908,2016-05-09,0,3,14,20,24,25
909,2016-05-10,0,2,17,49,57,58
910,2016-05-11,0,1,18,28,33,35
911,2016-05-12,0,4,27,64,72,74
912,2016-05-13,0,1,17,25,29,31
913,2016-05-14,0,1,3,5,5,5
914,2016-05-15,0,0,1,2,2,2
915,2016-05-16,0,0,14,29,35,35
916,2016-05-17,0,2,18,28,33,35
917,2016-05-18,0,4,20,28,34,40
918,2016-05-19,0,7,30,91,95,98
919,2016-05-20,0,32,48,52,55,58
920,2016-05-21,0,1,5,7,10,10
921,2016-05-22,0,0,3,5,6,6
922,2016-05-23,0,1,17,36,37,40
923,2016-05-24,0,6,22,49,51,56
924,2016-05-25,0,2,12,19,27,28
925,2016-05-26,0,2,16,42,50,52
926,2016-05-27,0,1,16,17,21,22
927,2016-05-28,0,0,2,4,5,5
928,2016-05-29,0,0,1,1,1,1
929,2016-05-30,0,4,21,23,26,27
930,2016-05-31,0,0,12,40,42,43
931,2016-06-01,0,1,14,21,27,27
932,2016-06-02,0,1,9,36,38,38
933,2016-06-03,0,0,9,17,20,20
934,2016-06-04,0,0,2,2,2,2
935,2016-06-05,0,0,2,2,3,3
936,2016-06-06,0,4,12,20,22,22
937,2016-06-07,0,1,10,40,43,44
938,2016-06-08,0,1,2,6,8,10
939,2016-06-12,0,1,3,4,6,6
940,2016-06-13,0,0,6,11,13,13
941,2016-06-14,0,1,7,30,35,35
942,2016-06-15,0,2,12,15,22,22
943,2016-06-16,0,1,11,34,39,39
944,2016-06-17,0,1,5,8,9,9
945,2016-06-18,0,0,3,4,4,4
946,2016-06-19,0,0,4,4,4,4
947,2016-06-20,0,0,2,11,11,11
948,2016-06-21,0,0,1,6,14,14
949,2016-06-22,0,0,4,6,6,6
950,2016-06-23,0,0,3,16,21,21
951,2016-06-24,0,0,2,4,7,7
952,2016-06-25,0,0,2,2,2,2
953,2016-06-27,0,0,2,11,13,13
954,2016-06-28,0,1,5,7,7,7
955,2016-06-29,0,0,1,2,2,2
956,2016-06-30,0,0,1,1,2,3
957,2016-07-01,0,0,1,4,4,4
958,2016-07-02,0,0,1,1,1,1
959,2016-07-04,0,1,2,3,4,4
960,2016-07-05,0,0,0,2,2,2
961,2016-07-06,0,0,0,2,4,4
962,2016-07-08,0,0,1,1,1,1
963,2016-07-12,0,1,1,1,1,1
964,2016-07-15,0,0,0,1,2,2
965,2016-07-28,0,0,0,1,1,1
966,2016-08-10,0,0,0,3,3,3
967,2016-08-11,0,0,0,1,1,1
968,2016-08-15,0,0,0,1,1,1
969,2016-08-16,0,0,0,1,1,1
970,2016-08-17,0,0,0,3,3,3
971,2016-08-19,0,0,0,1,1,1
972,2016-08-22,0,0,1,2,2,2
973,2016-08-23,0,0,4,6,6,6
974,2016-08-24,0,0,4,4,4,4
975,2016-08-25,0,0,13,15,15,15
976,2016-08-26,0,0,7,7,7,7
977,2016-08-28,0,0,0,1,1,1
978,2016-08-29,0,0,18,20,20,20
979,2016-08-30,0,0,8,9,9,9
980,2016-08-31,0,0,14,16,16,17
981,2016-09-01,0,0,12,30,30,30
982,2016-09-02,0,0,19,30,31,31
983,2016-09-03,0,0,1,2,2,2
984,2016-09-04,0,0,1,2,2,2
985,2016-09-05,0,0,11,18,22,22
986,2016-09-06,0,0,13,26,28,28
987,2016-09-07,0,0,22,41,46,46
988,2016-09-08,0,1,44,65,65,65
989,2016-09-09,0,6,48,62,71,72
990,2016-09-10,0,1,17,20,20,20
991,2016-09-11,0,1,14,16,16,16
992,2016-09-12,0,21,127,145,159,162
993,2016-09-13,0,23,114,139,155,156
994,2016-09-14,0,4,77,97,104,104
995,2016-09-15,0,0,0,5,6,6
996,2016-09-16,0,0,4,5,5,5
997,2016-09-17,0,0,6,7,7,7
998,2016-09-18,0,18,102,125,128,128
999,2016-09-19,0,48,199,240,256,258
1000,2016-09-20,0,57,218,266,285,287
1001,2016-09-21,0,45,204,246,283,290
1002,2016-09-22,0,53,243,295,321,326
1003,2016-09-23,0,38,217,245,261,267
1004,2016-09-24,0,15,94,113,119,120
1005,2016-09-25,0,18,87,98,101,101
1006,2016-09-26,0,58,207,247,290,297
1007,2016-09-27,0,44,233,279,309,316
1008,2016-09-28,0,38,177,220,243,248
1009,2016-09-29,0,20,107,147,170,175
1010,2016-09-30,0,4,61,78,94,94
1011,2016-10-01,0,0,0,18,18,18
1012,2016-10-02,0,0,0,16,16,16
1013,2016-10-03,0,0,0,3,3,3
1014,2016-10-04,0,0,1,9,9,9
1015,2016-10-05,0,0,0,5,5,5
1016,2016-10-06,0,0,0,2,2,2
1017,2016-10-07,0,0,0,1,1,1
1018,2016-10-08,0,16,83,120,136,141
1019,2016-10-09,0,50,191,247,280,284
1020,2016-10-10,0,80,305,382,430,438
1021,2016-10-11,0,70,271,343,416,426
1022,2016-10-12,0,78,324,402,453,466
1023,2016-10-13,0,77,330,396,462,475
1024,2016-10-14,0,69,305,383,436,451
1025,2016-10-15,0,17,135,162,183,189
1026,2016-10-16,0,10,122,153,170,170
1027,2016-10-17,0,89,320,438,499,515
1028,2016-10-18,0,91,377,484,575,587
1029,2016-10-19,0,85,329,436,498,509
1030,2016-10-20,0,82,388,502,598,611
1031,2016-10-21,0,57,279,357,430,439
1032,2016-10-22,0,18,131,162,176,178
1033,2016-10-23,0,15,99,120,135,136
1034,2016-10-24,0,72,336,444,511,522
1035,2016-10-25,0,84,323,430,506,525
1036,2016-10-26,0,69,283,369,425,436
1037,2016-10-27,0,75,289,380,444,459
1038,2016-10-28,0,51,245,311,369,381
1039,2016-10-29,0,13,99,112,127,130
1040,2016-10-30,0,7,65,89,103,107
1041,2016-10-31,0,43,184,246,298,309
1042,2016-11-01,0,48,216,326,425,435
1043,2016-11-02,0,43,176,250,308,320
1044,2016-11-03,0,54,219,279,338,353
1045,2016-11-04,0,44,161,206,253,268
1046,2016-11-05,0,5,49,65,70,75
1047,2016-11-06,0,3,219,233,237,237
1048,2016-11-07,0,42,152,220,267,276
1049,2016-11-08,0,54,192,300,341,351
1050,2016-11-09,0,33,174,233,283,298
1051,2016-11-10,0,40,191,259,297,316
1052,2016-11-11,0,33,234,277,331,338
1053,2016-11-12,0,3,46,61,72,74
1054,2016-11-13,0,6,37,51,61,63
1055,2016-11-14,0,51,159,205,246,253
1056,2016-11-15,0,48,178,274,319,330
1057,2016-11-16,0,30,155,215,311,323
1058,2016-11-17,0,98,217,295,362,378
1059,2016-11-18,0,38,139,198,230,234
1060,2016-11-19,0,249,283,301,310,313
1061,2016-11-20,0,2,30,40,44,44
1062,2016-11-21,0,33,106,169,194,203
1063,2016-11-22,0,37,122,178,209,214
1064,2016-11-23,0,32,128,184,226,237
1065,2016-11-24,0,31,107,173,213,231
1066,2016-11-25,0,27,94,121,147,155
1067,2016-11-26,0,4,93,108,114,119
1068,2016-11-27,0,3,13,21,25,25
1069,2016-11-28,0,16,64,100,120,127
1070,2016-11-29,0,49,109,167,185,191
1071,2016-11-30,0,12,62,102,121,128
1072,2016-12-01,0,11,52,87,105,114
1073,2016-12-02,0,5,40,70,90,98
1074,2016-12-03,0,2,21,28,29,29
1075,2016-12-04,0,2,442,447,448,448
1076,2016-12-05,0,8,46,85,103,107
1077,2016-12-06,0,13,61,103,122,127
1078,2016-12-07,0,8,47,75,88,91
1079,2016-12-08,0,19,66,83,94,101
1080,2016-12-09,0,6,31,51,67,71
1081,2016-12-10,0,1,11,13,16,17
1082,2016-12-11,0,2,9,19,20,20
1083,2016-12-12,0,3,36,62,64,67
1084,2016-12-13,0,6,46,87,93,98
1085,2016-12-14,0,9,39,66,82,86
1086,2016-12-15,0,3,31,62,70,78
1087,2016-12-16,0,6,30,51,63,64
1088,2016-12-17,0,6,15,20,21,21
1089,2016-12-18,0,0,7,11,11,12
1090,2016-12-19,0,0,26,46,53,60
1091,2016-12-20,0,4,29,63,67,80
1092,2016-12-21,0,1,24,40,47,56
1093,2016-12-22,0,3,21,55,60,66
1094,2016-12-23,0,2,11,22,25,34
1095,2016-12-24,0,0,1,6,7,10
1096,2016-12-25,0,0,2,2,2,2
1097,2016-12-26,0,3,15,31,36,39
1098,2016-12-27,0,3,26,39,45,51
1099,2016-12-28,0,3,13,28,36,41
1100,2016-12-29,0,1,16,22,23,24
1101,2016-12-30,0,0,4,8,13,14
1102,2016-12-31,0,0,0,2,2,2
1103,2017-01-01,0,0,0,2,2,2
1104,2017-01-03,0,0,2,10,10,10
1105,2017-01-04,0,1,6,15,17,17
1106,2017-01-05,0,1,12,19,23,24
1107,2017-01-06,0,0,1,4,4,4
1108,2017-01-07,0,0,2,2,2,2
1109,2017-01-09,0,0,2,14,18,18
1110,2017-01-10,0,0,1,5,5,5
1111,2017-01-11,0,0,0,5,6,6
1112,2017-01-12,0,0,2,8,13,13
1113,2017-01-13,0,0,0,3,4,5
1114,2017-01-14,0,0,0,1,1,1
1115,2017-01-16,0,0,0,3,3,3
1116,2017-01-17,0,0,0,5,5,5
1117,2017-01-18,0,0,0,2,4,4
1118,2017-01-19,0,0,0,2,2,2
1119,2017-01-20,0,0,0,1,1,1
1120,2017-01-23,0,0,0,1,1,1
1121,2017-02-03,0,0,0,2,2,2
1122,2017-02-04,0,0,0,1,1,1
1123,2017-02-05,0,0,0,1,1,1
1124,2017-02-06,0,0,0,2,2,2
1125,2017-02-07,0,0,0,6,6,6
1126,2017-02-08,0,0,0,8,8,8
1127,2017-02-09,0,0,0,4,4,4
1128,2017-02-10,0,0,0,9,9,9
1129,2017-02-13,0,0,0,9,17,17
1130,2017-02-14,0,0,5,10,27,27
1131,2017-02-15,0,0,0,9,20,20
1132,2017-02-16,0,0,1,15,29,31
1133,2017-02-17,0,0,2,14,31,31
1134,2017-02-18,0,0,0,1,1,1
1135,2017-02-19,0,12,14,15,15,15
1136,2017-02-20,0,0,16,38,51,52
1137,2017-02-21,0,2,14,32,57,57
1138,2017-02-22,0,50,65,91,114,114
1139,2017-02-23,0,0,40,61,82,82
1140,2017-02-24,0,7,27,52,76,76
1141,2017-02-25,0,2,5,8,8,8
1142,2017-02-26,0,2,8,10,12,12
1143,2017-02-27,0,7,35,60,96,96
1144,2017-02-28,0,7,45,83,117,117
1145,2017-03-01,0,21,77,124,157,157
1146,2017-03-02,0,12,77,109,136,138
1147,2017-03-03,0,24,82,105,135,138
1148,2017-03-04,0,10,34,46,47,48
1149,2017-03-05,0,2,14,15,17,17
1150,2017-03-06,0,20,110,159,209,212
1151,2017-03-07,0,29,121,205,283,286
1152,2017-03-08,0,43,160,213,277,286
1153,2017-03-09,0,20,130,201,247,261
1154,2017-03-10,0,17,196,248,309,318
1155,2017-03-11,0,34,66,74,83,85
1156,2017-03-12,0,3,35,42,49,49
1157,2017-03-13,0,24,124,175,234,239
1158,2017-03-14,0,27,133,214,262,270
1159,2017-03-15,0,27,198,262,322,330
1160,2017-03-16,0,232,408,488,538,552
1161,2017-03-17,0,17,127,179,210,223
1162,2017-03-18,0,9,45,51,60,63
1163,2017-03-19,0,7,29,37,42,42
1164,2017-03-20,0,27,120,162,195,205
1165,2017-03-21,0,31,142,210,242,255
1166,2017-03-22,0,37,135,175,205,217
1167,2017-03-23,0,26,136,215,251,269
1168,2017-03-24,0,20,111,149,183,193
1169,2017-03-25,0,192,234,241,243,244
1170,2017-03-26,0,3,311,315,320,323
1171,2017-03-27,0,21,107,142,158,169
1172,2017-03-28,0,18,103,160,184,193
1173,2017-03-29,0,10,77,119,137,147
1174,2017-03-30,0,15,78,120,134,167
1175,2017-03-31,0,7,127,153,169,180
1176,2017-04-01,0,1,15,34,38,42
1177,2017-04-02,0,0,1,2,2,2
1178,2017-04-03,0,0,2,3,3,4
1179,2017-04-05,0,7,32,57,158,163
1180,2017-04-06,0,17,51,104,124,140
1181,2017-04-07,0,9,60,92,118,132
1182,2017-04-08,0,2,33,36,39,40
1183,2017-04-09,0,2,19,24,25,25
1184,2017-04-10,0,54,105,131,141,147
1185,2017-04-11,0,9,56,116,141,151
1186,2017-04-12,0,15,64,95,124,134
1187,2017-04-13,0,14,66,98,112,132
1188,2017-04-14,0,8,61,81,96,107
1189,2017-04-15,0,4,21,24,28,29
1190,2017-04-16,0,0,8,11,13,16
1191,2017-04-17,0,9,75,101,107,116
1192,2017-04-18,0,16,48,341,348,359
1193,2017-04-19,0,11,46,76,90,99
1194,2017-04-20,0,10,63,117,135,150
1195,2017-04-21,0,5,42,80,88,96
1196,2017-04-22,0,1,21,28,30,30
1197,2017-04-23,0,1,5,10,10,10
1198,2017-04-24,0,9,33,55,69,75
1199,2017-04-25,0,11,48,104,114,121
1200,2017-04-26,0,8,27,97,103,110
1201,2017-04-27,0,8,41,63,68,82
1202,2017-04-28,0,4,26,43,47,50
1203,2017-04-29,0,0,1,1,1,1
1204,2017-05-01,0,0,5,7,7,7
1205,2017-05-02,0,1,6,17,19,21
1206,2017-05-03,0,3,10,27,33,39
1207,2017-05-04,0,2,19,44,53,65
1208,2017-05-05,0,2,20,35,49,52
1209,2017-05-06,0,0,3,9,9,10
1210,2017-05-07,0,0,229,231,231,231
1211,2017-05-08,0,2,18,28,33,37
1212,2017-05-09,0,4,24,100,109,113
1213,2017-05-10,0,5,31,54,61,66
1214,2017-05-11,0,7,30,48,58,68
1215,2017-05-12,0,4,25,52,56,61
1216,2017-05-13,0,2,65,68,69,70
1217,2017-05-14,0,1,3,5,5,5
1218,2017-05-15,0,4,18,34,39,41
1219,2017-05-16,0,5,18,51,76,80
1220,2017-05-17,0,4,25,51,59,65
1221,2017-05-18,0,7,33,86,86,96
1222,2017-05-19,0,4,21,33,41,43
1223,2017-05-20,0,0,4,4,4,4
1224,2017-05-21,0,3,3,4,4,4
1225,2017-05-22,0,10,23,35,42,47
1226,2017-05-23,0,11,40,65,68,73
1227,2017-05-24,0,10,28,83,87,90
1228,2017-05-25,0,10,33,47,51,63
1229,2017-05-26,0,3,24,37,42,44
1230,2017-05-27,0,0,6,13,16,16
1231,2017-05-28,0,0,2,2,2,2
1232,2017-05-30,0,0,0,1,1,1
1233,2017-05-31,0,0,7,27,27,28
1234,2017-06-01,0,2,11,67,68,71
1235,2017-06-02,0,1,19,27,30,30
1236,2017-06-03,0,0,2,5,6,6
1237,2017-06-04,0,1,2,4,4,4
1238,2017-06-05,0,5,19,29,34,35
1239,2017-06-06,0,4,15,62,66,68
1240,2017-06-07,0,1,11,28,30,30
1241,2017-06-08,0,3,25,38,38,42
1242,2017-06-09,0,0,16,33,35,36
1243,2017-06-10,0,0,2,4,6,6
1244,2017-06-11,0,0,1,3,3,3
1245,2017-06-12,0,2,7,19,22,22
1246,2017-06-13,0,0,6,17,33,33
1247,2017-06-14,0,1,5,18,18,19
1248,2017-06-15,0,4,8,34,36,38
1249,2017-06-16,0,4,7,15,17,17
1250,2017-06-17,0,0,1,4,4,4
1251,2017-06-18,0,0,0,1,1,1
1252,2017-06-19,0,0,4,11,11,11
1253,2017-06-20,0,0,4,8,8,8
1254,2017-06-21,0,1,3,5,5,5
1255,2017-06-22,0,0,2,10,13,13
1256,2017-06-23,0,0,2,8,10,10
1257,2017-06-24,0,3,4,4,5,5
1258,2017-06-25,0,0,0,1,1,1
1259,2017-06-26,0,0,2,7,7,7
1260,2017-06-27,0,2,2,5,11,11
1261,2017-06-28,0,1,2,4,4,4
1262,2017-06-29,0,0,3,6,6,6
1263,2017-06-30,0,0,4,5,6,6
1264,2017-07-01,0,0,0,3,3,3
1265,2017-07-03,0,0,0,1,3,3
1266,2017-07-04,0,1,1,5,5,5
1267,2017-07-05,0,0,0,3,3,3
1268,2017-07-06,0,0,0,1,4,4
1269,2017-07-07,0,0,0,3,6,6
1270,2017-07-10,0,0,0,1,1,1
1271,2017-07-12,0,0,0,1,4,4
1272,2017-07-13,0,0,0,1,1,1
1273,2017-07-14,0,0,0,5,5,5
1274,2017-07-17,0,0,0,3,3,3
1275,2017-07-18,0,0,0,1,1,1
1276,2017-07-19,0,0,0,2,2,2
1277,2017-07-21,0,0,0,2,2,2
1278,2017-07-26,0,0,0,1,1,1
1279,2017-07-27,0,0,0,1,1,1
1280,2017-07-29,0,0,1,1,1,1
1281,2017-08-01,0,0,0,2,2,2
1282,2017-08-03,0,0,0,1,1,1
1283,2017-08-04,0,0,0,1,1,1
1284,2017-08-06,0,0,0,1,1,1
1285,2017-08-07,0,0,0,2,2,2
1286,2017-08-08,0,0,0,3,3,3
1287,2017-08-11,0,0,0,4,4,4
1288,2017-08-15,0,0,0,2,2,2
1289,2017-08-17,0,0,1,2,2,2
1290,2017-08-18,0,0,1,3,3,3
1291,2017-08-20,0,0,0,2,2,2
1292,2017-08-21,0,0,1,2,2,2
1293,2017-08-22,0,0,1,3,3,3
1294,2017-08-23,0,0,1,5,5,5
1295,2017-08-24,0,0,0,3,3,3
1296,2017-08-25,0,0,4,13,13,13
1297,2017-08-26,0,0,0,1,1,1
1298,2017-08-27,0,0,1,1,1,1
1299,2017-08-28,0,0,4,6,6,6
1300,2017-08-29,0,0,2,10,10,10
1301,2017-08-30,0,0,9,19,19,19
1302,2017-08-31,0,0,19,31,31,31
1303,2017-09-01,0,0,33,64,64,64
1304,2017-09-02,0,0,2,4,4,4
1305,2017-09-03,0,1,3,4,4,4
1306,2017-09-04,0,3,53,75,75,75
1307,2017-09-05,0,14,99,120,120,121
1308,2017-09-06,0,10,72,102,105,107
1309,2017-09-07,0,8,116,154,161,163
1310,2017-09-08,0,18,107,148,163,169
1311,2017-09-09,0,11,32,40,40,44
1312,2017-09-10,0,3,22,33,33,35
1313,2017-09-11,0,31,112,164,176,181
1314,2017-09-12,0,45,173,229,244,249
1315,2017-09-13,0,46,162,223,239,246
1316,2017-09-14,0,54,180,247,265,273
1317,2017-09-15,0,38,202,285,296,304
1318,2017-09-16,0,21,59,73,76,79
1319,2017-09-17,0,28,88,101,108,112
1320,2017-09-18,0,78,278,358,387,395
1321,2017-09-19,0,85,328,413,440,446
1322,2017-09-20,0,104,343,417,452,459
1323,2017-09-21,0,104,346,452,489,499
1324,2017-09-22,0,90,328,411,452,461
1325,2017-09-23,0,34,173,191,200,202
1326,2017-09-24,0,35,168,184,217,218
1327,2017-09-25,0,98,350,444,485,498
1328,2017-09-26,0,102,327,435,477,492
1329,2017-09-27,0,77,290,372,415,430
1330,2017-09-28,0,60,230,389,433,450
1331,2017-09-29,0,26,142,258,277,284
1332,2017-09-30,0,2,23,42,42,43
1333,2017-10-01,0,0,3,35,35,35
1334,2017-10-02,0,0,0,20,20,20
1335,2017-10-06,0,0,0,1,1,1
1336,2017-10-07,0,0,0,4,4,4
1337,2017-10-08,0,1,2,8,9,9
1338,2017-10-09,0,54,167,256,288,293
1339,2017-10-10,0,128,373,509,556,569
1340,2017-10-11,0,134,429,582,639,655
1341,2017-10-12,0,135,439,604,666,696
1342,2017-10-13,0,111,363,569,693,715
1343,2017-10-14,0,65,264,308,333,336
1344,2017-10-15,0,52,167,220,272,274
1345,2017-10-16,0,124,452,602,678,699
1346,2017-10-17,0,128,470,630,765,786
1347,2017-10-18,0,120,482,654,765,789
1348,2017-10-19,0,122,455,640,729,774
1349,2017-10-20,0,99,335,455,543,564
1350,2017-10-21,0,41,273,330,374,377
1351,2017-10-22,0,41,129,167,210,212
1352,2017-10-23,0,110,422,543,597,623
1353,2017-10-24,0,113,411,644,778,802
1354,2017-10-25,0,105,417,537,602,629
1355,2017-10-26,0,109,454,591,714,758
1356,2017-10-27,0,82,325,483,556,575
1357,2017-10-28,0,39,168,206,226,229
1358,2017-10-29,0,31,173,197,225,227
1359,2017-10-30,0,129,334,440,480,496
1360,2017-10-31,0,86,429,579,647,662
1361,2017-11-01,0,81,243,354,414,435
1362,2017-11-02,0,79,251,338,395,419
1363,2017-11-03,0,64,453,530,587,606
1364,2017-11-04,0,24,80,132,140,146
1365,2017-11-05,0,19,73,80,84,91
1366,2017-11-06,0,73,235,342,394,414
1367,2017-11-07,0,75,237,359,415,446
1368,2017-11-08,0,70,261,348,393,423
1369,2017-11-09,0,145,346,672,728,747
1370,2017-11-10,0,70,280,381,415,435
1371,2017-11-11,0,16,97,128,133,138
1372,2017-11-12,0,11,482,494,495,498
1373,2017-11-13,0,54,203,297,368,384
1374,2017-11-14,0,53,205,347,381,399
1375,2017-11-15,0,52,236,440,538,562
1376,2017-11-16,0,116,320,421,514,545
1377,2017-11-17,0,26,144,211,240,256
1378,2017-11-18,0,189,233,260,266,268
1379,2017-11-19,0,8,35,46,47,49
1380,2017-11-20,0,66,153,239,262,278
1381,2017-11-21,0,31,142,234,272,298
1382,2017-11-22,0,27,125,251,279,298
1383,2017-11-23,0,20,125,227,251,277
1384,2017-11-24,0,88,181,243,265,276
1385,2017-11-25,0,184,229,257,263,270
1386,2017-11-26,0,20,36,48,50,50
1387,2017-11-27,0,20,96,187,208,216
1388,2017-11-28,0,25,101,212,233,246
1389,2017-11-29,0,23,133,197,228,236
1390,2017-11-30,0,15,89,175,188,205
1391,2017-12-01,0,12,268,304,317,329
1392,2017-12-02,0,6,21,27,29,39
1393,2017-12-03,0,4,327,332,332,332
1394,2017-12-04,0,11,116,165,174,181
1395,2017-12-05,0,13,69,111,128,139
1396,2017-12-06,0,16,58,150,167,175
1397,2017-12-07,0,15,98,161,171,181
1398,2017-12-08,0,14,56,118,129,136
1399,2017-12-09,0,2,15,22,22,23
1400,2017-12-10,0,1,189,190,190,193
1401,2017-12-11,0,11,38,78,86,94
1402,2017-12-12,0,13,44,106,110,117
1403,2017-12-13,0,4,28,59,88,94
1404,2017-12-14,0,6,30,117,131,139
1405,2017-12-15,0,5,32,51,60,66
1406,2017-12-16,0,4,16,21,21,22
1407,2017-12-17,0,1,8,10,11,11
1408,2017-12-18,0,5,37,74,74,79
1409,2017-12-19,0,7,29,85,99,104
1410,2017-12-20,0,9,35,77,81,91
1411,2017-12-21,0,5,36,62,69,71
1412,2017-12-22,0,5,16,33,36,44
1413,2017-12-23,0,2,5,9,9,9
1414,2017-12-24,0,1,3,3,3,3
1415,2017-12-25,0,1,10,36,38,39
1416,2017-12-26,0,4,25,41,45,48
1417,2017-12-27,0,4,61,90,96,98
1418,2017-12-28,0,1,19,46,49,52
1419,2017-12-29,0,1,2,11,12,14
1420,2017-12-30,0,0,2,3,3,3
1421,2017-12-31,0,0,1,1,1,1
1422,2018-01-01,0,0,0,0,0,1
1423,2018-01-02,0,0,1,4,4,4
1424,2018-01-03,0,0,5,7,7,7
1425,2018-01-04,0,0,4,6,6,8
1426,2018-01-05,0,1,5,7,7,7
1427,2018-01-06,0,0,2,5,5,6
1428,2018-01-08,0,0,1,4,4,4
1429,2018-01-09,0,0,1,2,2,4
1430,2018-01-10,0,0,2,2,3,3
1431,2018-01-12,0,0,0,1,1,2
1432,2018-01-16,0,0,0,1,1,1
1433,2018-01-20,0,0,1,1,1,1
1434,2018-01-26,0,0,0,1,1,1
1435,2018-03-15,0,0,1,1,1,1
1436,2018-03-16,0,0,0,0,1,1
1437,2018-03-20,0,0,1,1,1,1
1438,2019-04-12,0,0,0,1,1,1
1439,2020-10-30,0,0,0,1,1,1
1440,2023-04-09,0,0,0,1,1,1
1441,2027-05-06,0,0,0,1,1,1
1442,2031-03-15,0,0,0,1,1,1
1443,2031-03-17,0,0,0,1,1,1
